score,sentiment,word
577.7,0,negative
81.0,0,unusable
77.0,0,teeth
75.7,0,unreliable
73.0,0,loudly
71.8,0,vent
67.2,0,damaged
59.0,0,rudely
58.2,0,inconsistent
55.0,0,humming
53.0,0,sewer
51.7,0,inappropriate
48.6,0,repairs
45.7,0,unsatisfactory
42.9,0,leaked
42.3,0,rattled
42.3,0,continuous
41.7,0,stunk
41.6,0,blood
41.0,0,ignorant
39.7,0,leaky
39.3,0,intermittent
39.2,0,sewage
38.3,0,minuscule
37.4,0,slamming
36.5,0,chipped
36.3,0,modernising
36.2,0,scratched
35.8,0,skirting
35.8,0,flushed
35.2,0,bins
35.0,0,unplug
35.0,0,flimsy
35.0,0,disorganised
34.6,0,creaked
34.5,0,cracked
34.3,0,moldy
34.1,0,dusty
33.9,0,insufficient
33.7,0,credited
33.7,0,tripped
33.2,0,torn
33.2,0,drainage
33.0,0,underwear
32.6,0,erratic
32.4,0,authorisation
31.7,0,yelling
31.7,0,mechanism
31.6,0,dangerous
31.4,0,squashed
31.2,0,outrageous
31.0,0,signage
31.0,0,careless
31.0,0,nil
31.0,0,dripped
31.0,0,grouting
31.0,0,drill
31.0,0,hopeless
31.0,0,thin
30.8,0,dripping
30.8,0,generator
30.4,0,urine
30.4,0,unacceptable
30.3,0,damages
29.8,0,draining
29.7,0,knocking
29.7,0,severely
29.7,0,slipping
29.7,0,teabag
29.7,0,curt
29.6,0,reset
29.4,0,uninterested
29.2,0,stain
29.2,0,stains
28.6,0,pipes
28.3,0,shaking
28.3,0,aloof
28.3,0,disorganized
28.2,0,draughty
28.2,0,shambles
28.1,0,irritating
28.1,0,mold
28.0,0,flooded
27.9,0,dingy
27.8,0,blamed
27.8,0,drafty
27.8,0,inconsiderate
27.7,0,hoovered
27.5,0,peeling
27.0,0,yuk
27.0,0,reimbursed
27.0,0,dishonest
27.0,0,unpolite
26.8,0,useless
26.7,0,inedible
26.7,0,prove
26.6,0,jammed
26.6,0,untidy
26.5,0,frustrating
26.3,0,hoovering
26.3,0,sweaty
26.3,0,alerted
26.3,0,flushing
26.3,0,reluctantly
26.3,0,shaft
26.1,0,annoying
25.9,0,slow
25.9,0,arguing
25.9,0,patchy
25.7,0,awkwardly
25.7,0,darker
25.7,0,noisiest
25.7,0,insult
25.7,0,sounding
25.6,0,problematic
25.5,0,temperamental
25.5,0,poorly
25.5,0,weak
25.5,0,inadequate
25.0,0,redecorating
25.0,0,unappealing
24.9,0,drain
24.8,0,musty
24.7,0,dissapointing
24.7,0,grout
24.6,0,unprofessional
24.6,0,hammering
24.5,0,assumed
24.4,0,denied
24.4,0,spotty
24.3,0,queued
24.3,0,oily
24.3,0,fraud
24.2,0,dire
24.1,0,tepid
23.9,0,flies
23.8,0,tatty
23.8,0,toe
23.7,0,unwelcoming
23.7,0,pending
23.6,0,uncomfortable
23.4,0,unhelpful
23.4,0,inattentive
23.4,0,chargeable
23.4,0,rumbling
23.3,0,awkward
23.2,0,cracks
23.0,0,uneasy
23.0,0,prostitutes
23.0,0,undercooked
23.0,0,ineffective
23.0,0,rim
23.0,0,crumbs
23.0,0,collapsed
22.7,0,slippery
22.7,0,sprayed
22.7,0,creaking
22.6,0,odour
22.5,0,stained
22.3,0,soiled
22.3,0,inaccurate
22.3,0,abruptly
22.3,0,teaspoons
22.3,0,persistent
22.3,0,grubby
22.1,0,dust
22.1,0,funds
22.1,0,workmen
22.0,0,extractor
21.9,0,statement
21.9,0,unlucky
21.9,0,disconnected
21.8,0,unbearably
21.8,0,accused
21.8,0,chest
21.8,0,emptied
21.7,0,quoted
21.7,0,restless
21.7,0,enclosure
21.7,0,renewing
21.6,0,worn
21.6,0,awoken
21.5,0,scruffy
21.5,0,hairs
21.4,0,incompetent
21.4,0,mould
21.4,0,rudeness
21.3,0,nit
21.0,0,mislead
21.0,0,brushes
21.0,0,wasting
21.0,0,cistern
21.0,0,lick
21.0,0,lowered
21.0,0,uncomfy
21.0,0,flashing
21.0,0,atrocious
20.8,0,smelly
20.8,0,dismissive
20.7,0,sticking
20.7,0,petty
20.6,0,inflexible
20.6,0,downgraded
20.6,0,dreary
20.6,0,cumbersome
20.6,0,wheels
20.4,0,hanger
20.4,0,disappointing
20.3,0,gratuity
20.3,0,slowest
20.3,0,grease
20.3,0,dirt
20.3,0,inconvenient
20.2,0,insects
20.2,0,unorganised
20.2,0,woken
20.1,0,slam
20.1,0,unclean
20.0,0,gap
20.0,0,shouting
19.8,0,dirty
19.8,0,dislike
19.8,0,absurd
19.8,0,cobwebs
19.8,0,awfully
19.8,0,clogged
19.7,0,bulbs
19.7,0,swearing
19.7,0,discussions
19.7,0,spilling
19.7,0,noisily
19.7,0,usd
19.7,0,incomplete
19.7,0,grime
19.7,0,condensation
19.6,0,ants
19.6,0,tiniest
19.6,0,drains
19.5,0,springs
19.5,0,flush
19.5,0,ignored
19.4,0,argued
19.4,0,inferior
19.4,0,authorised
19.4,0,dismal
19.4,0,sweating
19.4,0,spoon
19.3,0,basin
19.2,0,filthy
19.2,0,threadbare
19.1,0,overcharged
19.1,0,stale
19.0,0,unsightly
19.0,0,rickety
19.0,0,drenched
19.0,0,dislikes
19.0,0,battered
19.0,0,impractical
19.0,0,draws
19.0,0,poor
18.9,0,refused
18.9,0,disliked
18.9,0,sounded
18.8,0,stronger
18.7,0,lukewarm
18.6,0,debit
18.6,0,substandard
18.5,0,misleading
18.5,0,loud
18.5,0,unfriendly
18.5,0,disappeared
18.4,0,licence
18.4,0,upsetting
18.4,0,tasteless
18.4,0,lumpy
18.3,0,moquette
18.3,0,microwaved
18.3,0,peculiar
18.3,0,fluctuated
18.3,0,chipping
18.3,0,sucked
18.3,0,holder
18.3,0,clearer
18.3,0,broken
18.1,0,scuffed
18.1,0,damage
18.1,0,volume
18.0,0,appalling
18.0,0,woke
18.0,0,unpleasant
17.9,0,inches
17.9,0,soaked
17.9,0,pump
17.8,0,badly
17.8,0,flaking
17.8,0,fork
17.8,0,mop
17.8,0,rude
17.7,0,nuisance
17.7,0,crack
17.7,0,vacuumed
17.7,0,restrictive
17.7,0,explicitly
17.7,0,teaspoon
17.7,0,incurred
17.7,0,awoke
17.7,0,ears
17.7,0,nitpicking
17.6,0,taps
17.5,0,chase
17.5,0,bin
17.5,0,lack
17.5,0,existent
17.5,0,holes
17.4,0,vat
17.4,0,bleach
17.4,0,unnecessarily
17.3,0,tax
17.3,0,indication
17.2,0,presumably
17.2,0,freezing
17.2,0,impossible
17.2,0,flood
17.1,0,climb
17.0,0,beeping
17.0,0,downright
17.0,0,hurting
17.0,0,kicking
17.0,0,thieves
17.0,0,smoky
17.0,0,announcements
17.0,0,suffocating
17.0,0,spill
17.0,0,malfunctioned
17.0,0,irritation
17.0,0,downgrade
17.0,0,advertises
17.0,0,sideways
16.9,0,cigarette
16.8,0,damp
16.8,0,uneven
16.7,0,wobbly
16.7,0,advertising
16.7,0,dull
16.6,0,banged
16.6,0,understaffed
16.6,0,lacked
16.6,0,demanded
16.5,0,banging
16.5,0,depressing
16.4,0,falling
16.4,0,deposit
16.4,0,rundown
16.4,0,unconfortable
16.4,0,ventilation
16.4,0,seal
16.4,0,charged
16.3,0,offhand
16.3,0,sprucing
16.3,0,dismissed
16.3,0,awake
16.3,0,unsympathetic
16.3,0,uninteresting
16.3,0,dumped
16.3,0,contract
16.3,0,substitute
16.3,0,debris
16.3,0,drilling
16.2,0,loose
16.2,0,permanently
16.2,0,generators
16.2,0,drunks
16.1,0,rust
16.1,0,inform
16.1,0,tape
16.1,0,ridiculous
16.0,0,paint
16.0,0,outdated
15.9,0,extortionate
15.9,0,gross
15.9,0,milks
15.9,0,painfully
15.8,0,carpet
15.8,0,operational
15.8,0,grumble
15.8,0,unwelcome
15.8,0,ledge
15.7,0,breaker
15.7,0,embarrassed
15.7,0,clue
15.7,0,hooks
15.7,0,unmade
15.7,0,dilapidated
15.7,0,scraping
15.7,0,spoils
15.7,0,furthest
15.7,0,forcing
15.7,0,sarcastic
15.7,0,wonky
15.7,0,deposits
15.7,0,implied
15.7,0,knees
15.6,0,disinterested
15.6,0,wires
15.6,0,stiff
15.5,0,occupant
15.5,0,creaky
15.5,0,trays
15.4,0,plugged
15.4,0,builders
15.4,0,questioned
15.4,0,abrupt
15.4,0,cctv
15.4,0,hoover
15.4,0,distracting
15.4,0,correspond
15.4,0,trickle
15.4,0,gloomy
15.4,0,surly
15.3,0,properly
15.3,0,sucks
15.3,0,mats
15.2,0,knife
15.2,0,explanation
15.2,0,leaking
15.1,0,confusing
15.1,0,tricky
15.1,0,unbearable
15.1,0,nobody
15.1,0,excessive
15.0,0,spoons
15.0,0,laminate
15.0,0,criticise
15.0,0,allegedly
15.0,0,pages
15.0,0,slide
15.0,0,transaction
15.0,0,bricks
15.0,0,disgustingly
15.0,0,reminders
15.0,0,saucer
15.0,0,stared
15.0,0,misrepresented
15.0,0,amiss
15.0,0,soggy
15.0,0,billed
15.0,0,beg
15.0,0,airless
15.0,0,failing
15.0,0,disable
15.0,0,causes
15.0,0,unattended
14.9,0,lying
14.9,0,noisey
14.9,0,inefficient
14.8,0,embarrassing
14.8,0,overheated
14.8,0,ugly
14.7,0,manually
14.7,0,radiators
14.7,0,surfaces
14.6,0,aggressive
14.6,0,niggle
14.6,0,bugs
14.6,0,accounts
14.6,0,fiddly
14.6,0,replacing
14.6,0,causing
14.6,0,sloppy
14.5,0,impolite
14.5,0,ripped
14.5,0,stank
14.5,0,draught
14.5,0,pathetic
14.4,0,insisting
14.4,0,dial
14.4,0,resulting
14.4,0,scaffolding
14.3,0,scum
14.3,0,reversed
14.3,0,detector
14.3,0,bumpy
14.3,0,bruised
14.3,0,flickered
14.3,0,dragged
14.3,0,washed
14.3,0,colder
14.2,0,coughing
14.2,0,receipt
14.2,0,shabby
14.1,0,disrespectful
14.1,0,celsius
14.1,0,hum
14.1,0,draft
14.1,0,bills
14.1,0,evidence
14.0,0,strange
13.9,0,uncomfortably
13.9,0,shave
13.9,0,sloping
13.9,0,limescale
13.9,0,sensor
13.8,0,claimed
13.8,0,nowhere
13.8,0,disconcerting
13.8,0,reconnect
13.8,0,moves
13.8,0,unimpressed
13.8,0,ladder
13.8,0,evacuate
13.8,0,splashed
13.8,0,overflowing
13.8,0,nasty
13.8,0,nightmare
13.7,0,queried
13.7,0,urgency
13.7,0,verify
13.7,0,ventilate
13.7,0,barking
13.7,0,argumentative
13.7,0,disappointingly
13.7,0,incur
13.7,0,rash
13.7,0,chewy
13.7,0,stiflingly
13.7,0,sunken
13.7,0,microscopic
13.7,0,lacklustre
13.7,0,rien
13.7,0,crashed
13.7,0,misrepresentation
13.6,0,code
13.6,0,replace
13.6,0,gripe
13.6,0,disgusting
13.6,0,rug
13.6,0,overflow
13.6,0,wipe
13.6,0,authorization
13.6,0,shallow
13.6,0,unfinished
13.5,0,uninspiring
13.5,0,stingy
13.5,0,interrupted
13.5,0,tear
13.5,0,redecoration
13.4,0,barely
13.4,0,extract
13.4,0,wink
13.4,0,froze
13.4,0,destroyed
13.4,0,obstructed
13.4,0,floods
13.4,0,claustrophobic
13.4,0,lied
13.4,0,scared
13.4,0,luke
13.3,0,ruined
13.3,0,confirmation
13.3,0,mixer
13.3,0,slippy
13.3,0,cleared
13.3,0,activated
13.3,0,lacks
13.2,0,waits
13.2,0,proceeded
13.2,0,force
13.2,0,drawers
13.2,0,released
13.2,0,unit
13.0,0,constant
13.0,0,hazardous
13.0,0,detergent
13.0,0,burned
13.0,0,clamber
13.0,0,challenged
13.0,0,offended
13.0,0,tendency
13.0,0,stir
13.0,0,yuck
13.0,0,disconnects
13.0,0,purposely
13.0,0,oddly
13.0,0,occurrence
13.0,0,dependent
13.0,0,silicone
13.0,0,logic
13.0,0,miraculously
13.0,0,creeky
13.0,0,suck
13.0,0,renewal
13.0,0,mouse
13.0,0,backache
13.0,0,revellers
13.0,0,poo
12.9,0,curtain
12.9,0,burnt
12.8,0,release
12.8,0,disgraceful
12.8,0,pushed
12.8,0,terrible
12.8,0,washbasin
12.7,0,leakage
12.7,0,annoyance
12.7,0,tlc
12.7,0,vents
12.7,0,tissues
12.6,0,sparse
12.6,0,cnn
12.6,0,exorbitant
12.6,0,unavoidable
12.6,0,maneuver
12.6,0,rugs
12.6,0,labyrinth
12.6,0,stinks
12.6,0,restock
12.6,0,faint
12.6,0,processed
12.6,0,claims
12.5,0,frozen
12.5,0,showering
12.5,0,noisy
12.5,0,apology
12.4,0,splashing
12.4,0,trapped
12.4,0,issued
12.4,0,unable
12.3,0,watery
12.3,0,coat
12.3,0,plaster
12.3,0,damper
12.3,0,questioning
12.3,0,horrified
12.3,0,dissappointed
12.3,0,patched
12.3,0,pipework
12.3,0,pungent
12.3,0,bummer
12.3,0,misinformation
12.3,0,adverse
12.3,0,shattered
12.3,0,footstep
12.3,0,inevitably
12.3,0,approval
12.3,0,constructive
12.3,0,waist
12.3,0,stairways
12.3,0,interrupting
12.3,0,stomping
12.3,0,digging
12.3,0,horrendously
12.3,0,pints
12.3,0,crane
12.3,0,horns
12.3,0,wedged
12.3,0,regulations
12.3,0,proportion
12.3,0,bodied
12.3,0,insist
12.2,0,caused
12.2,0,false
12.2,0,steep
12.2,0,identify
12.2,0,emptying
12.2,0,racist
12.2,0,appalled
12.2,0,vacuum
12.1,0,wrongly
12.1,0,randomly
12.1,0,crawl
12.1,0,sloped
12.1,0,shuts
12.1,0,reported
12.1,0,leaks
12.1,0,apparently
12.1,0,apologize
12.1,0,unclear
12.1,0,walls
12.1,0,somebody
12.1,0,warning
12.1,0,units
12.0,0,alarm
12.0,0,messy
11.9,0,attempts
11.9,0,occupants
11.9,0,removing
11.9,0,coats
11.9,0,grim
11.9,0,strict
11.9,0,unloading
11.9,0,unlocked
11.9,0,lifting
11.8,0,floorboards
11.8,0,mess
11.8,0,chasing
11.8,0,sunk
11.8,0,tiles
11.8,0,arrogant
11.7,0,complicated
11.7,0,worst
11.7,0,rubbery
11.7,0,noicy
11.7,0,overbooking
11.7,0,dribbled
11.7,0,reheated
11.7,0,inexperienced
11.7,0,reflective
11.7,0,handrails
11.7,0,shambolic
11.7,0,freshener
11.7,0,engines
11.7,0,periodically
11.7,0,drugs
11.7,0,shrug
11.7,0,triggered
11.7,0,unkind
11.7,0,cement
11.7,0,cheat
11.7,0,removal
11.7,0,defect
11.7,0,sentence
11.7,0,disrepair
11.7,0,upsell
11.7,0,verging
11.7,0,wedge
11.7,0,negotiation
11.7,0,existant
11.7,0,torture
11.7,0,creak
11.7,0,explanations
11.7,0,bruises
11.7,0,unnerving
11.7,0,overused
11.6,0,updating
11.6,0,repeatedly
11.6,0,shelf
11.6,0,difficult
11.6,0,trek
11.6,0,waste
11.6,0,vacuuming
11.6,0,install
11.6,0,shoulder
11.6,0,awful
11.5,0,frames
11.5,0,joke
11.5,0,insisted
11.5,0,alarms
11.5,0,repaired
11.4,0,laughed
11.4,0,conversations
11.4,0,lorries
11.4,0,bleak
11.4,0,sullen
11.4,0,spraying
11.4,0,scarce
11.4,0,faulty
11.3,0,sink
11.3,0,worse
11.3,0,constructions
11.3,0,pressing
11.3,0,represent
11.2,0,payment
11.2,0,disturbing
11.2,0,handles
11.2,0,homeless
11.2,0,repeated
11.2,0,rubbish
11.2,0,flooding
11.2,0,carpets
11.2,0,broom
11.1,0,neck
11.1,0,technician
11.1,0,facelift
11.1,0,lowest
11.1,0,blocking
11.1,0,cope
11.0,0,weird
11.0,0,happened
11.0,0,blame
11.0,0,painful
11.0,0,report
11.0,0,negotiate
11.0,0,refurbish
11.0,0,dustbin
11.0,0,overweight
11.0,0,distressed
11.0,0,sneezing
11.0,0,uncooked
11.0,0,demolition
11.0,0,stretched
11.0,0,fuse
11.0,0,congealed
11.0,0,materialised
11.0,0,overdrawn
11.0,0,ref
11.0,0,duct
11.0,0,springy
11.0,0,blank
11.0,0,trading
11.0,0,congregate
11.0,0,elbows
11.0,0,insistence
11.0,0,nosy
11.0,0,contractors
11.0,0,confined
11.0,0,drip
11.0,0,patronising
11.0,0,meagre
11.0,0,rats
11.0,0,cramp
11.0,0,frustration
11.0,0,toes
11.0,0,grimy
11.0,0,refund
10.9,0,blocked
10.9,0,regulate
10.9,0,advertise
10.9,0,switch
10.9,0,apologized
10.9,0,cups
10.8,0,clueless
10.8,0,questionable
10.8,0,lessons
10.7,0,saggy
10.7,0,spider
10.7,0,insulting
10.7,0,renew
10.7,0,socks
10.7,0,luckily
10.7,0,boiling
10.7,0,hazard
10.7,0,failed
10.6,0,narrow
10.6,0,instruction
10.6,0,expenses
10.6,0,annoyed
10.6,0,brush
10.6,0,garbage
10.6,0,poorest
10.6,0,troublesome
10.6,0,elbow
10.6,0,sill
10.6,0,crawling
10.6,0,irregular
10.6,0,rudest
10.6,0,freeze
10.6,0,scuff
10.6,0,threatened
10.6,0,chaotic
10.6,0,adjusting
10.6,0,physically
10.6,0,mildew
10.5,0,shut
10.5,0,paper
10.5,0,pipe
10.5,0,metal
10.5,0,thermostat
10.5,0,shocking
10.5,0,bare
10.5,0,wasted
10.5,0,faucet
10.5,0,challenge
10.4,0,sewerage
10.4,0,vastly
10.4,0,slanted
10.4,0,fresher
10.4,0,desperately
10.4,0,payments
10.4,0,apologise
10.4,0,sheet
10.4,0,overpriced
10.4,0,turning
10.4,0,laughing
10.4,0,slipper
10.4,0,blowing
10.3,0,miserable
10.3,0,lid
10.3,0,squeak
10.3,0,refunds
10.3,0,lumps
10.3,0,interrupt
10.3,0,vain
10.3,0,lamps
10.3,0,fluffier
10.3,0,excluded
10.3,0,tainted
10.3,0,wierd
10.3,0,enters
10.3,0,shield
10.3,0,starving
10.3,0,clostrophobic
10.3,0,ripoff
10.3,0,sync
10.3,0,unimaginative
10.3,0,handbasin
10.3,0,tinier
10.3,0,lampshades
10.3,0,cranes
10.3,0,lettuce
10.3,0,nerve
10.3,0,elavator
10.3,0,condom
10.3,0,dated
10.3,0,confirmed
10.3,0,radiator
10.3,0,drunk
10.3,0,bill
10.3,0,notification
10.3,0,bitter
10.3,0,overcooked
10.3,0,doesnt
10.3,0,invoice
10.2,0,electrics
10.2,0,paintwork
10.2,0,disgusted
10.2,0,told
10.2,0,indifferent
10.2,0,headboard
10.2,0,classified
10.2,0,vans
10.2,0,insurance
10.2,0,scuffs
10.2,0,ruining
10.2,0,biggie
10.2,0,authorized
10.2,0,bump
10.2,0,transactions
10.2,0,nets
10.2,0,dim
10.2,0,horrendous
10.1,0,applicable
10.1,0,fingers
10.1,0,presume
10.1,0,suddenly
10.1,0,hitting
10.1,0,consequence
10.1,0,angry
10.1,0,dreadful
10.1,0,creamer
10.1,0,engine
10.1,0,vehicles
10.1,0,handle
10.1,0,sliding
10.0,0,promised
10.0,0,guarantee
10.0,0,cigarettes
10.0,0,empty
10.0,0,wasnt
10.0,0,automatically
10.0,0,closing
9.9,0,drab
9.9,0,rusty
9.9,0,leak
9.9,0,account
9.9,0,repair
9.9,0,assume
9.9,0,shelves
9.9,0,stifling
9.9,0,wiped
9.9,0,tiny
9.9,0,refunded
9.9,0,cushion
9.9,0,advert
9.9,0,layer
9.9,0,mild
9.9,0,kicked
9.9,0,slowly
9.9,0,horrible
9.9,0,suppose
9.9,0,ridiculously
9.9,0,suspicious
9.9,0,undrinkable
9.9,0,robbery
9.9,0,comfier
9.9,0,vibrations
9.9,0,agreement
9.9,0,websites
9.9,0,truck
9.8,0,occasionally
9.8,0,supposedly
9.8,0,resulted
9.8,0,upset
9.8,0,removed
9.8,0,fumes
9.8,0,vibrating
9.8,0,knobs
9.8,0,overflowed
9.8,0,leaning
9.8,0,lorry
9.8,0,laughable
9.8,0,ashtray
9.8,0,disconnect
9.8,0,uncooperative
9.8,0,periods
9.8,0,slammed
9.8,0,justify
9.7,0,mediocre
9.7,0,knocked
9.7,0,pen
9.7,0,claiming
9.7,0,supposed
9.7,0,slope
9.7,0,dissatisfied
9.7,0,bitten
9.7,0,drown
9.7,0,grave
9.7,0,flasks
9.7,0,junk
9.7,0,council
9.7,0,translucent
9.7,0,lustre
9.7,0,amex
9.7,0,inte
9.7,0,trial
9.7,0,frayed
9.7,0,untrue
9.7,0,whistling
9.7,0,sluggish
9.7,0,tattered
9.7,0,ouch
9.7,0,musky
9.7,0,broader
9.7,0,humiliating
9.7,0,crumpled
9.7,0,crouch
9.7,0,sparsely
9.7,0,nites
9.7,0,swiped
9.7,0,unaccommodating
9.7,0,handyman
9.7,0,loosing
9.7,0,splitting
9.7,0,misunderstandings
9.7,0,flowed
9.7,0,thy
9.7,0,tired
9.6,0,trash
9.6,0,locked
9.6,0,refurbishing
9.6,0,burn
9.6,0,bizarre
9.6,0,cramped
9.6,0,deserted
9.6,0,gum
9.6,0,rigid
9.6,0,ignoring
9.5,0,cardboard
9.5,0,horribly
9.5,0,harsh
9.5,0,taller
9.5,0,humidity
9.5,0,paperwork
9.5,0,slipped
9.5,0,construction
9.5,0,struggled
9.4,0,renovate
9.4,0,investigate
9.4,0,hotter
9.4,0,mistakes
9.4,0,talking
9.4,0,terribly
9.4,0,wash
9.4,0,permission
9.4,0,sock
9.4,0,leftover
9.4,0,annoyingly
9.4,0,approved
9.4,0,dorm
9.4,0,recycling
9.4,0,refusing
9.4,0,profit
9.4,0,insert
9.4,0,argue
9.4,0,excuses
9.4,0,minor
9.4,0,confused
9.4,0,missing
9.3,0,degrees
9.3,0,thankfully
9.3,0,edges
9.3,0,cover
9.3,0,transparent
9.3,0,climbing
9.3,0,poisoning
9.3,0,bothersome
9.3,0,shoddy
9.3,0,trolleys
9.3,0,mechanical
9.3,0,chewing
9.3,0,misled
9.3,0,sign
9.2,0,smoke
9.2,0,rid
9.2,0,subsequent
9.2,0,stinky
9.2,0,allocate
9.2,0,grumpy
9.2,0,beware
9.2,0,consumed
9.2,0,trucks
9.2,0,frame
9.2,0,unpack
9.2,0,replacement
9.2,0,cm
9.2,0,indicate
9.1,0,stupid
9.1,0,complaining
9.1,0,ache
9.1,0,rip
9.1,0,stairs
9.1,0,eventually
9.1,0,legs
9.1,0,limited
9.1,0,sometimes
9.1,0,softer
9.0,0,smell
9.0,0,remove
9.0,0,picky
9.0,0,scam
9.0,0,operating
9.0,0,acoustic
9.0,0,admitted
9.0,0,abysmal
9.0,0,unsteady
9.0,0,stature
9.0,0,declared
9.0,0,avoidable
9.0,0,kneel
9.0,0,unconcerned
9.0,0,invoices
9.0,0,someones
9.0,0,letdown
9.0,0,actioned
9.0,0,knackered
9.0,0,lever
9.0,0,mash
9.0,0,lefts
9.0,0,snotty
9.0,0,tomato
9.0,0,belonged
9.0,0,unexperienced
9.0,0,inspect
9.0,0,ash
9.0,0,dangerously
9.0,0,ashtrays
9.0,0,unpractical
9.0,0,inability
9.0,0,scratching
9.0,0,dreadfully
9.0,0,eatable
9.0,0,dissapointment
9.0,0,subjective
9.0,0,published
9.0,0,plughole
9.0,0,ramp
9.0,0,tricked
9.0,0,discrepancy
9.0,0,wrapper
9.0,0,unhelpfull
9.0,0,stack
9.0,0,pale
9.0,0,revolting
9.0,0,squeeze
9.0,0,void
9.0,0,spongy
9.0,0,transparency
9.0,0,cry
9.0,0,chunks
9.0,0,amateurish
9.0,0,resistance
9.0,0,obsolete
9.0,0,peeled
9.0,0,happend
9.0,0,extortion
9.0,0,occurring
9.0,0,contracted
9.0,0,circles
9.0,0,slack
9.0,0,method
9.0,0,residue
9.0,0,balls
9.0,0,depend
9.0,0,vacant
9.0,0,nothin
9.0,0,aired
9.0,0,didnot
9.0,0,repainting
9.0,0,assumption
9.0,0,adjustments
9.0,0,pigeons
9.0,0,figure
9.0,0,fob
9.0,0,software
9.0,0,hardly
8.9,0,bedside
8.9,0,unless
8.9,0,na
8.9,0,neighbors
8.9,0,stuck
8.9,0,faded
8.9,0,consequently
8.9,0,fix
8.8,0,unhappy
8.8,0,currency
8.8,0,crap
8.8,0,disgrace
8.8,0,blow
8.8,0,substance
8.8,0,unpacked
8.8,0,sachet
8.8,0,understand
8.8,0,wire
8.8,0,slip
8.8,0,spartan
8.8,0,disturb
8.8,0,incorrect
8.7,0,frosted
8.7,0,indicated
8.7,0,reimburse
8.7,0,deliberately
8.7,0,spruce
8.7,0,dis
8.7,0,tedious
8.7,0,neither
8.7,0,improved
8.7,0,mice
8.7,0,vibration
8.7,0,cleaner
8.7,0,firmer
8.7,0,tissue
8.7,0,disappointment
8.6,0,motor
8.6,0,messed
8.6,0,noises
8.6,0,plastic
8.6,0,prison
8.6,0,sealed
8.6,0,audible
8.6,0,vague
8.6,0,stern
8.6,0,impaired
8.6,0,dramatically
8.6,0,tightly
8.6,0,brushed
8.6,0,quests
8.6,0,authorise
8.6,0,lingering
8.6,0,injured
8.6,0,hostile
8.6,0,iffy
8.6,0,inserted
8.6,0,benefited
8.6,0,queue
8.6,0,lamp
8.6,0,sachets
8.6,0,lousy
8.6,0,werent
8.6,0,rough
8.6,0,sore
8.6,0,accustomed
8.6,0,uninviting
8.6,0,mis
8.5,0,affect
8.5,0,unsuitable
8.5,0,uses
8.5,0,rails
8.5,0,replied
8.5,0,pokey
8.5,0,instructions
8.5,0,hung
8.5,0,odor
8.5,0,discussion
8.5,0,liquid
8.5,0,odd
8.5,0,spilled
8.5,0,thicker
8.5,0,poky
8.5,0,replenishment
8.4,0,ringing
8.4,0,cloths
8.4,0,stating
8.4,0,disaster
8.4,0,voice
8.4,0,movements
8.4,0,spotlights
8.4,0,replaced
8.4,0,que
8.4,0,cash
8.4,0,happen
8.4,0,wider
8.3,0,forced
8.3,0,improve
8.3,0,nonchalant
8.3,0,hurts
8.3,0,propped
8.3,0,failures
8.3,0,unblocked
8.3,0,dusts
8.3,0,deemed
8.3,0,convincing
8.3,0,submitted
8.3,0,fraying
8.3,0,bait
8.3,0,bedbugs
8.3,0,risky
8.3,0,unsmiling
8.3,0,bomb
8.3,0,batter
8.3,0,spills
8.3,0,crusty
8.3,0,snappy
8.3,0,distress
8.3,0,limitation
8.3,0,inconveniently
8.3,0,telephones
8.3,0,rebate
8.3,0,gathered
8.3,0,milling
8.3,0,protectors
8.3,0,bashed
8.3,0,clanking
8.3,0,earplugs
8.3,0,slab
8.3,0,shooting
8.3,0,muddled
8.3,0,attacked
8.3,0,beam
8.3,0,verbal
8.3,0,intent
8.3,0,bore
8.3,0,flaws
8.3,0,recurring
8.3,0,conned
8.3,0,droning
8.3,0,blip
8.3,0,stench
8.3,0,upfront
8.3,0,improvement
8.3,0,tight
8.3,0,lacking
8.3,0,tables
8.3,0,lasted
8.3,0,throwing
8.3,0,shoebox
8.3,0,roll
8.2,0,desperate
8.2,0,unsafe
8.2,0,appear
8.2,0,intervals
8.2,0,amended
8.2,0,roasting
8.2,0,obnoxious
8.2,0,downer
8.2,0,insulted
8.2,0,pitched
8.2,0,unimpressive
8.2,0,disjointed
8.2,0,aging
8.2,0,sealing
8.2,0,scrum
8.2,0,unkept
8.2,0,blockage
8.2,0,apply
8.2,0,neighbours
8.1,0,offensive
8.1,0,nav
8.1,0,beggars
8.1,0,wall
8.1,0,compensation
8.1,0,absence
8.1,0,bulky
8.1,0,object
8.1,0,stomach
8.1,0,shouted
8.1,0,brighter
8.1,0,rejected
8.1,0,cabinet
8.1,0,loading
8.1,0,incorrectly
8.1,0,tinned
8.1,0,excuse
8.1,0,net
8.1,0,sleepless
8.0,0,tile
8.0,0,mugs
8.0,0,claim
7.9,0,rotten
7.9,0,update
7.9,0,observation
7.9,0,policy
7.9,0,worrying
7.9,0,tap
7.9,0,screaming
7.9,0,patches
7.9,0,notify
7.9,0,phoning
7.9,0,maintenance
7.9,0,constantly
7.9,0,understandable
7.9,0,marred
7.9,0,coldest
7.9,0,peanuts
7.9,0,dimly
7.9,0,attachment
7.9,0,errors
7.9,0,dint
7.9,0,growing
7.9,0,underwhelming
7.9,0,plumbing
7.9,0,squeaky
7.8,0,hated
7.8,0,shock
7.8,0,advertised
7.8,0,requires
7.8,0,flagged
7.8,0,pinching
7.8,0,strangers
7.8,0,prevent
7.8,0,misinformed
7.8,0,layers
7.8,0,eaves
7.8,0,awaken
7.8,0,rumble
7.8,0,reeked
7.8,0,plumber
7.8,0,robotic
7.8,0,slim
7.8,0,exhaust
7.8,0,investigated
7.8,0,leftovers
7.8,0,telephone
7.8,0,waited
7.8,0,activate
7.8,0,uht
7.8,0,drained
7.8,0,closes
7.8,0,page
7.8,0,scary
7.7,0,stated
7.7,0,carpeting
7.7,0,breaking
7.7,0,horrific
7.7,0,rattling
7.7,0,relocate
7.7,0,knock
7.7,0,snoring
7.7,0,neighboring
7.7,0,fortunately
7.7,0,corridor
7.7,0,complained
7.7,0,offish
7.7,0,dysfunctional
7.7,0,tightened
7.7,0,panes
7.7,0,bulb
7.7,0,wheeled
7.7,0,creaks
7.7,0,puzzled
7.7,0,elevetor
7.7,0,significance
7.7,0,hav
7.7,0,capacity
7.7,0,specify
7.7,0,mixup
7.7,0,terrifying
7.7,0,incapable
7.7,0,drastically
7.7,0,pn
7.7,0,nothink
7.7,0,trollies
7.7,0,tarnished
7.7,0,barrel
7.7,0,auth
7.7,0,nowt
7.7,0,hopes
7.7,0,mushy
7.7,0,astonished
7.7,0,supplementary
7.7,0,clarification
7.7,0,defeated
7.7,0,collegue
7.7,0,preferably
7.7,0,poop
7.7,0,detracts
7.7,0,hiked
7.7,0,annoyances
7.7,0,classify
7.7,0,differed
7.7,0,stoppers
7.7,0,inadequately
7.7,0,nude
7.7,0,tuna
7.7,0,evidently
7.7,0,ragged
7.7,0,behaving
7.7,0,withdrawn
7.7,0,commenced
7.7,0,artificial
7.7,0,tp
7.7,0,cafeti
7.7,0,matchbox
7.7,0,todays
7.7,0,inspected
7.7,0,accounting
7.7,0,scanned
7.7,0,cosier
7.7,0,malfunctioning
7.7,0,resembling
7.7,0,crime
7.7,0,modified
7.7,0,glaze
7.7,0,detect
7.6,0,replenish
7.6,0,crammed
7.6,0,suffered
7.6,0,showered
7.6,0,said
7.6,0,untrained
7.6,0,sash
7.6,0,horrid
7.6,0,plug
7.6,0,confronted
7.6,0,protector
7.6,0,grossly
7.6,0,vacated
7.6,0,criminal
7.6,0,hhonors
7.6,0,nope
7.6,0,compromised
7.5,0,fixed
7.5,0,description
7.5,0,manual
7.5,0,dare
7.5,0,pubic
7.5,0,ventilated
7.5,0,smallest
7.5,0,pointless
7.5,0,discuss
7.5,0,urgently
7.5,0,invest
7.5,0,dark
7.5,0,signs
7.5,0,heater
7.5,0,unaware
7.5,0,switching
7.5,0,pushing
7.5,0,sqm
7.5,0,lengthy
7.5,0,tab
7.5,0,keys
7.5,0,website
7.5,0,bumping
7.5,0,shaver
7.4,0,malfunction
7.4,0,notices
7.4,0,panic
7.4,0,seem
7.4,0,hallway
7.4,0,elevator
7.4,0,sour
7.4,0,stuffy
7.4,0,pay
7.4,0,patch
7.4,0,quibbles
7.4,0,supervision
7.4,0,thinner
7.4,0,mosquitoes
7.4,0,bathmat
7.4,0,squeezing
7.4,0,effected
7.4,0,tapping
7.4,0,sugars
7.4,0,alleyway
7.4,0,nithing
7.4,0,directory
7.4,0,nightstand
7.4,0,littered
7.4,0,coordination
7.4,0,swinging
7.4,0,frosty
7.4,0,scandalous
7.4,0,prone
7.4,0,broke
7.4,0,marked
7.4,0,smelled
7.4,0,perfume
7.4,0,cancel
7.4,0,severe
7.4,0,marketing
7.4,0,provider
7.4,0,charges
7.3,0,reply
7.3,0,abit
7.3,0,angle
7.3,0,batteries
7.3,0,smal
7.3,0,hear
7.3,0,cold
7.3,0,replacements
7.3,0,washcloths
7.3,0,disapointing
7.3,0,recompense
7.3,0,clarity
7.3,0,mandatory
7.3,0,embarrassment
7.3,0,surface
7.3,0,aware
7.3,0,pulling
7.3,0,cheated
7.3,0,crying
7.3,0,windowless
7.3,0,hook
7.3,0,unnecessary
7.2,0,concrete
7.2,0,refurb
7.2,0,corridors
7.2,0,ventilator
7.2,0,overcharge
7.2,0,flowing
7.2,0,width
7.2,0,overbooked
7.2,0,putting
7.2,0,suspect
7.2,0,notified
7.2,0,permanent
7.2,0,unlikely
7.2,0,rules
7.2,0,dissapointed
7.2,0,overrated
7.2,0,foul
7.2,0,jaded
7.1,0,occupied
7.1,0,struggling
7.1,0,headache
7.1,0,ongoing
7.1,0,rolled
7.1,0,cuppa
7.1,0,roadworks
7.1,0,swipe
7.1,0,warned
7.1,0,temporary
7.1,0,overhaul
7.1,0,unfair
7.1,0,boil
7.1,0,hate
7.1,0,happens
7.1,0,fan
7.0,0,prepaid
7.0,0,perhaps
7.0,0,daylight
7.0,0,correctly
7.0,0,subjected
7.0,0,quid
7.0,0,exspensive
7.0,0,inoperable
7.0,0,dread
7.0,0,cabine
7.0,0,porch
7.0,0,scammed
7.0,0,staines
7.0,0,investing
7.0,0,monitor
7.0,0,prohibitively
7.0,0,reuse
7.0,0,bluntly
7.0,0,partially
7.0,0,cashier
7.0,0,wasteful
7.0,0,battery
7.0,0,utility
7.0,0,transpired
7.0,0,overprized
7.0,0,hmm
7.0,0,unsurprisingly
7.0,0,confirmations
7.0,0,interference
7.0,0,sexual
7.0,0,uncertain
7.0,0,fixing
7.0,0,graphic
7.0,0,grip
7.0,0,alarming
7.0,0,ironic
7.0,0,tuck
7.0,0,alterations
7.0,0,keycard
7.0,0,simplest
7.0,0,blaring
7.0,0,repay
7.0,0,adjustment
7.0,0,disinfectant
7.0,0,consecutive
7.0,0,extortionately
7.0,0,ruin
7.0,0,travellodge
7.0,0,announce
7.0,0,fobbed
7.0,0,sporadically
7.0,0,ironically
7.0,0,labels
7.0,0,discriminated
7.0,0,deplorable
7.0,0,critique
7.0,0,blew
7.0,0,separating
7.0,0,unhygienic
7.0,0,anther
7.0,0,structural
7.0,0,hassled
7.0,0,blanket
7.0,0,consequences
7.0,0,cloth
7.0,0,airing
7.0,0,unsupportive
7.0,0,dismay
7.0,0,negated
7.0,0,marginal
7.0,0,plant
7.0,0,shameful
7.0,0,ashamed
7.0,0,deceiving
7.0,0,restocking
7.0,0,shake
7.0,0,prebooked
7.0,0,harm
7.0,0,guessing
7.0,0,rounds
7.0,0,realise
7.0,0,relied
7.0,0,cue
7.0,0,bordering
7.0,0,pee
7.0,0,unpredictable
7.0,0,wakeup
7.0,0,falls
7.0,0,sensors
7.0,0,reducing
7.0,0,whereby
7.0,0,indicates
7.0,0,brochures
7.0,0,difficulty
7.0,0,criticism
7.0,0,maybe
6.9,0,confusion
6.9,0,wear
6.9,0,expensive
6.9,0,unavailable
6.9,0,someone
6.9,0,warn
6.9,0,bit
6.9,0,bothered
6.9,0,switches
6.9,0,sketchy
6.9,0,remote
6.9,0,clearing
6.9,0,revamp
6.9,0,chilly
6.8,0,powder
6.8,0,electricity
6.8,0,rat
6.8,0,switched
6.8,0,boards
6.8,0,carton
6.8,0,prefered
6.8,0,cond
6.8,0,lavatory
6.8,0,warrant
6.8,0,license
6.8,0,paying
6.8,0,windy
6.8,0,naked
6.8,0,attempt
6.7,0,flow
6.7,0,starter
6.7,0,sweat
6.7,0,remind
6.7,0,naff
6.7,0,kidding
6.7,0,abandoned
6.7,0,neighbour
6.7,0,defective
6.7,0,useable
6.7,0,disappointed
6.7,0,seated
6.7,0,serious
6.7,0,flaw
6.7,0,dodgy
6.7,0,loo
6.7,0,queues
6.7,0,refurbishment
6.6,0,requiring
6.6,0,mug
6.6,0,wrong
6.6,0,plates
6.6,0,fixture
6.6,0,overworked
6.6,0,drunken
6.6,0,restricted
6.6,0,somewhat
6.6,0,continually
6.6,0,assured
6.6,0,lift
6.6,0,unlock
6.6,0,truth
6.6,0,grasp
6.6,0,threatening
6.6,0,windowsill
6.6,0,napkin
6.6,0,discourteous
6.6,0,reconsider
6.6,0,stealing
6.6,0,obscure
6.6,0,circulate
6.6,0,installing
6.6,0,presumed
6.6,0,orderd
6.6,0,anxiety
6.6,0,closures
6.6,0,resemble
6.6,0,moisture
6.6,0,unhealthy
6.6,0,lower
6.6,0,shutting
6.6,0,socket
6.6,0,pounds
6.6,0,unattractive
6.6,0,dnd
6.6,0,oversight
6.6,0,sticks
6.6,0,stewed
6.6,0,staring
6.6,0,qualify
6.6,0,forks
6.6,0,legal
6.5,0,shockingly
6.5,0,rowdy
6.5,0,teeny
6.5,0,orders
6.5,0,sell
6.5,0,robbed
6.5,0,fake
6.5,0,responsibility
6.5,0,zero
6.5,0,wallpaper
6.5,0,dry
6.5,0,declined
6.5,0,covering
6.5,0,hard
6.5,0,subsequently
6.5,0,untill
6.5,0,quote
6.5,0,synthetic
6.5,0,smashed
6.5,0,mask
6.5,0,scramble
6.5,0,mails
6.5,0,complaint
6.4,0,painting
6.4,0,specified
6.4,0,urgent
6.4,0,consisted
6.4,0,images
6.4,0,makeup
6.4,0,approaching
6.4,0,camping
6.4,0,holders
6.4,0,cheating
6.4,0,illegal
6.4,0,mystery
6.4,0,authority
6.4,0,reverse
6.4,0,hammer
6.4,0,unfortunate
6.4,0,accept
6.4,0,struggle
6.4,0,travelodge
6.4,0,hallways
6.4,0,tracks
6.4,0,affected
6.4,0,limit
6.4,0,stolen
6.4,0,reality
6.3,0,chair
6.3,0,work
6.3,0,restricting
6.3,0,googled
6.3,0,redirected
6.3,0,numbering
6.3,0,spotlight
6.3,0,infestation
6.3,0,brightening
6.3,0,doorway
6.3,0,annoys
6.3,0,ply
6.3,0,reconstructed
6.3,0,unsupervised
6.3,0,echoed
6.3,0,flows
6.3,0,etiquette
6.3,0,americano
6.3,0,scare
6.3,0,dirtiness
6.3,0,involving
6.3,0,cigars
6.3,0,teabags
6.3,0,vigilant
6.3,0,comprehend
6.3,0,furnature
6.3,0,indicative
6.3,0,separates
6.3,0,shuffling
6.3,0,dampen
6.3,0,manoeuvring
6.3,0,headphones
6.3,0,bubbling
6.3,0,deliberate
6.3,0,slowness
6.3,0,hips
6.3,0,scrap
6.3,0,precaution
6.3,0,garish
6.3,0,tastier
6.3,0,msg
6.3,0,necessitating
6.3,0,attributed
6.3,0,matteress
6.3,0,lampshade
6.3,0,wiping
6.3,0,fixes
6.3,0,caffeine
6.3,0,exorbitantly
6.3,0,fiver
6.3,0,locking
6.3,0,discourage
6.3,0,hutch
6.3,0,cheek
6.3,0,evacuated
6.3,0,polishing
6.3,0,carriageway
6.3,0,venting
6.3,0,boom
6.3,0,lagers
6.3,0,ploy
6.3,0,cms
6.3,0,pegs
6.3,0,mixers
6.3,0,faintly
6.3,0,howling
6.3,0,dominated
6.3,0,celing
6.3,0,outwards
6.3,0,museli
6.3,0,urn
6.3,0,bake
6.3,0,copied
6.3,0,ghastly
6.3,0,commit
6.3,0,damaging
6.3,0,farthest
6.3,0,drift
6.3,0,exercises
6.3,0,razors
6.3,0,dropping
6.3,0,id
6.3,0,cupboard
6.3,0,reporting
6.3,0,toilet
6.3,0,stool
6.3,0,low
6.3,0,sleepers
6.3,0,sake
6.3,0,remark
6.3,0,expencive
6.3,0,prevented
6.3,0,disco
6.3,0,taxes
6.2,0,ended
6.2,0,screwed
6.2,0,evacuation
6.2,0,fighting
6.2,0,renovation
6.2,0,wouldnt
6.2,0,ft
6.2,0,cooling
6.2,0,needless
6.2,0,pointed
6.2,0,neglected
6.2,0,assuming
6.2,0,brandy
6.2,0,hideous
6.2,0,peroni
6.2,0,instances
6.2,0,ques
6.2,0,recess
6.2,0,crowdy
6.2,0,dowdy
6.2,0,clattering
6.2,0,doorbell
6.2,0,hurried
6.2,0,straw
6.2,0,convoluted
6.2,0,prop
6.2,0,arthritis
6.2,0,unpleasent
6.2,0,resembled
6.2,0,nonexistent
6.2,0,bangs
6.2,0,calculated
6.2,0,overloaded
6.2,0,creased
6.2,0,indicator
6.2,0,nightclub
6.2,0,rang
6.2,0,pound
6.2,0,corners
6.2,0,cord
6.1,0,paid
6.1,0,fans
6.1,0,uncovered
6.1,0,visibly
6.1,0,akin
6.1,0,actions
6.1,0,leaflet
6.1,0,winded
6.1,0,burst
6.1,0,descriptions
6.1,0,wen
6.1,0,consent
6.1,0,runner
6.1,0,tacky
6.1,0,classed
6.1,0,argument
6.1,0,discomfort
6.1,0,secondly
6.1,0,result
6.1,0,wet
6.1,0,silly
6.1,0,stairwell
6.1,0,aircondition
6.1,0,footsteps
6.1,0,elsewhere
6.1,0,protect
6.1,0,neighbor
6.1,0,disappear
6.1,0,monotonous
6.1,0,shortage
6.1,0,joking
6.1,0,deter
6.1,0,scrub
6.1,0,wired
6.1,0,tools
6.1,0,idiot
6.1,0,hefty
6.1,0,disrupted
6.1,0,preferable
6.1,0,discussing
6.1,0,impatient
6.1,0,creepy
6.1,0,shocked
6.1,0,shelving
6.1,0,moody
6.1,0,peoples
6.1,0,buggy
6.1,0,convinced
6.1,0,web
6.1,0,burning
6.1,0,reflection
6.0,0,rock
6.0,0,smaller
6.0,0,billing
6.0,0,renovating
6.0,0,increase
6.0,0,tad
6.0,0,payed
6.0,0,bottom
6.0,0,bad
6.0,0,refresh
6.0,0,doors
6.0,0,random
6.0,0,refuse
6.0,0,singles
6.0,0,continuously
6.0,0,increased
6.0,0,circulation
5.9,0,deliveries
5.9,0,smoker
5.9,0,manoeuvre
5.9,0,niggles
5.9,0,hey
5.9,0,separated
5.9,0,disruptive
5.9,0,impacted
5.9,0,potatoes
5.9,0,gbp
5.9,0,hole
5.9,0,antiquated
5.9,0,trainees
5.9,0,alittle
5.9,0,unpacking
5.9,0,absent
5.9,0,belong
5.9,0,lager
5.9,0,didnt
5.9,0,cutting
5.9,0,wonder
5.9,0,awakened
5.9,0,noone
5.9,0,asthma
5.9,0,saucers
5.9,0,suitcase
5.9,0,humid
5.9,0,packet
5.9,0,standing
5.9,0,lifts
5.9,0,exiting
5.9,0,cc
5.9,0,hindsight
5.9,0,chatting
5.9,0,jugs
5.9,0,outrageously
5.9,0,smelt
5.9,0,ear
5.9,0,adjust
5.9,0,smokey
5.9,0,clicked
5.9,0,portrayed
5.9,0,taped
5.9,0,commission
5.9,0,fluff
5.9,0,claustrophobia
5.9,0,pretend
5.9,0,fusty
5.9,0,reluctant
5.8,0,guess
5.8,0,slot
5.8,0,instead
5.8,0,shame
5.8,0,hanging
5.8,0,register
5.8,0,honors
5.8,0,butter
5.8,0,fight
5.8,0,drawer
5.8,0,throws
5.8,0,generated
5.8,0,tooooo
5.8,0,kitkat
5.8,0,cranky
5.8,0,explains
5.8,0,brakefast
5.8,0,characterless
5.8,0,coridors
5.8,0,grading
5.8,0,lens
5.8,0,suspected
5.8,0,kill
5.8,0,robot
5.8,0,iphones
5.8,0,echo
5.8,0,workable
5.8,0,incoming
5.8,0,bending
5.8,0,zipped
5.8,0,masculine
5.8,0,astronomical
5.8,0,strategy
5.8,0,arrogance
5.8,0,signal
5.8,0,fire
5.8,0,conditioner
5.8,0,basement
5.8,0,queuing
5.8,0,favour
5.8,0,closed
5.7,0,saying
5.7,0,advised
5.7,0,stick
5.7,0,movement
5.7,0,rectify
5.7,0,somehow
5.7,0,tank
5.7,0,fallen
5.7,0,sudden
5.7,0,failure
5.7,0,fairness
5.7,0,clearly
5.7,0,obvious
5.7,0,rolling
5.7,0,opener
5.7,0,turned
5.7,0,residents
5.7,0,policies
5.7,0,cluttered
5.7,0,coating
5.7,0,ventilators
5.7,0,necessitated
5.7,0,dispensing
5.7,0,deposite
5.7,0,curtly
5.7,0,tinted
5.7,0,doughy
5.7,0,saturated
5.7,0,infirm
5.7,0,proverbial
5.7,0,faire
5.7,0,nightstands
5.7,0,muddy
5.7,0,thro
5.7,0,marking
5.7,0,abuse
5.7,0,poker
5.7,0,institutional
5.7,0,intense
5.7,0,bizzare
5.7,0,pursue
5.7,0,thigh
5.7,0,dispense
5.7,0,cents
5.7,0,assurance
5.7,0,sleeve
5.7,0,transmission
5.7,0,wound
5.7,0,hostels
5.7,0,unruly
5.7,0,tempered
5.7,0,hangars
5.7,0,airflow
5.7,0,obscene
5.7,0,attracts
5.7,0,claustraphobic
5.7,0,feasible
5.7,0,drifted
5.7,0,norhing
5.7,0,mishaps
5.7,0,insists
5.7,0,unappetizing
5.7,0,contribute
5.7,0,basicly
5.7,0,depleted
5.7,0,bun
5.7,0,rubbed
5.7,0,disregard
5.7,0,resent
5.7,0,elliptical
5.7,0,noses
5.7,0,bcz
5.7,0,ridge
5.7,0,didint
5.7,0,oc
5.7,0,mastercard
5.7,0,lax
5.7,0,revelers
5.7,0,devastated
5.7,0,notebook
5.7,0,instruct
5.7,0,ghe
5.7,0,sone
5.7,0,coud
5.7,0,nursing
5.7,0,supplier
5.7,0,agressive
5.7,0,vie
5.7,0,fluid
5.7,0,doublebed
5.7,0,destroy
5.7,0,detriment
5.7,0,matrimonial
5.7,0,diferent
5.7,0,sneeze
5.7,0,vomiting
5.7,0,hopelessly
5.7,0,mud
5.7,0,amateur
5.7,0,emanating
5.7,0,descript
5.7,0,tenant
5.7,0,sheeting
5.7,0,accuse
5.7,0,adhere
5.7,0,marginally
5.7,0,undertrained
5.7,0,plz
5.7,0,drafts
5.7,0,untouched
5.7,0,quieten
5.7,0,venetian
5.7,0,refridgerator
5.7,0,lugged
5.7,0,coffin
5.7,0,seperately
5.7,0,zealous
5.7,0,disgust
5.7,0,noizy
5.7,0,surname
5.7,0,powerpoints
5.7,0,minimize
5.7,0,litlle
5.7,0,validated
5.7,0,youth
5.7,0,decrepit
5.7,0,filth
5.7,0,workings
5.7,0,thre
5.7,0,shuffle
5.7,0,thereof
5.7,0,openly
5.7,0,seeping
5.7,0,unevenly
5.7,0,ankles
5.7,0,wheelie
5.7,0,beacause
5.7,0,warnings
5.7,0,teacups
5.7,0,prawns
5.7,0,privileges
5.7,0,impersonal
5.6,0,drying
5.6,0,push
5.6,0,backed
5.6,0,engineer
5.6,0,channel
5.6,0,unknown
5.6,0,kg
5.6,0,farther
5.6,0,skipped
5.6,0,plain
5.6,0,elevators
5.6,0,lighter
5.6,0,visa
5.6,0,wardrobe
5.6,0,stark
5.6,0,poured
5.6,0,runny
5.6,0,nothing
5.6,0,occupying
5.6,0,deduct
5.6,0,negatively
5.6,0,deaf
5.6,0,deteriorated
5.6,0,arent
5.6,0,discoloured
5.6,0,therefor
5.6,0,pigeon
5.6,0,bedspread
5.6,0,swap
5.6,0,source
5.6,0,mattresses
5.6,0,apologised
5.6,0,avoided
5.6,0,passage
5.6,0,rectified
5.6,0,com
5.6,0,started
5.5,0,risk
5.5,0,mains
5.5,0,programme
5.5,0,vile
5.5,0,default
5.5,0,awfull
5.5,0,sterling
5.5,0,borderline
5.5,0,skype
5.5,0,cubicle
5.5,0,boring
5.5,0,toaster
5.5,0,trying
5.5,0,announced
5.5,0,cartons
5.5,0,shoulders
5.5,0,ibis
5.5,0,misunderstanding
5.5,0,toothpaste
5.5,0,corrected
5.5,0,sex
5.5,0,reflect
5.5,0,sirens
5.5,0,reserved
5.5,0,heat
5.5,0,backs
5.5,0,reconstruction
5.5,0,clothes
5.5,0,smoking
5.5,0,makeover
5.4,0,begging
5.4,0,nails
5.4,0,upside
5.4,0,matrass
5.4,0,instructed
5.4,0,shook
5.4,0,reader
5.4,0,slightly
5.4,0,preference
5.4,0,voices
5.4,0,moan
5.4,0,ran
5.4,0,turns
5.4,0,none
5.4,0,variable
5.4,0,bothering
5.4,0,modernisation
5.4,0,designated
5.4,0,aud
5.4,0,preoccupied
5.4,0,heel
5.4,0,decline
5.4,0,cokes
5.4,0,follows
5.4,0,theory
5.4,0,insignificant
5.4,0,packaged
5.4,0,dissappointing
5.4,0,awareness
5.4,0,producing
5.4,0,dumbbells
5.4,0,conditionning
5.4,0,government
5.4,0,passageway
5.4,0,diabolical
5.4,0,trusted
5.4,0,kippers
5.4,0,hade
5.4,0,accidents
5.4,0,flatter
5.4,0,scenario
5.4,0,education
5.4,0,standby
5.4,0,verified
5.4,0,chilli
5.4,0,agreeing
5.4,0,biggy
5.4,0,necks
5.4,0,spooky
5.4,0,moving
5.4,0,stair
5.4,0,greasy
5.4,0,toilets
5.4,0,nose
5.4,0,neighbouring
5.4,0,soap
5.4,0,isnt
5.4,0,obscured
5.4,0,move
5.4,0,raised
5.4,0,practice
5.4,0,load
5.4,0,entitled
5.4,0,apologies
5.4,0,contain
5.4,0,tough
5.3,0,amount
5.3,0,faster
5.3,0,peak
5.3,0,operate
5.3,0,boiler
5.3,0,unreasonable
5.3,0,supplement
5.3,0,stairway
5.3,0,shaving
5.3,0,monday
5.3,0,steamed
5.3,0,applying
5.3,0,negatives
5.3,0,exposed
5.3,0,wearing
5.3,0,hurt
5.3,0,slight
5.3,0,forever
5.3,0,traces
5.3,0,fooled
5.3,0,petrol
5.3,0,wafer
5.3,0,weigh
5.3,0,exchanged
5.3,0,applied
5.3,0,hovering
5.3,0,nozzle
5.3,0,deg
5.3,0,reminding
5.3,0,stranger
5.3,0,overpaid
5.3,0,oldish
5.3,0,resorted
5.3,0,vulnerable
5.3,0,coins
5.3,0,email
5.3,0,acknowledge
5.3,0,tripping
5.3,0,operator
5.3,0,believed
5.3,0,attempted
5.3,0,heavily
5.3,0,visible
5.2,0,sticky
5.2,0,noticeable
5.2,0,bored
5.2,0,gone
5.2,0,exaggerated
5.2,0,settling
5.2,0,hvac
5.2,0,guinness
5.2,0,outcome
5.2,0,ought
5.2,0,shone
5.2,0,becouse
5.2,0,habit
5.2,0,reduce
5.2,0,sugar
5.2,0,inconvenience
5.2,0,opaque
5.2,0,existing
5.2,0,phoned
5.2,0,queueing
5.2,0,regulation
5.2,0,suffers
5.2,0,halfway
5.2,0,frankly
5.2,0,extent
5.2,0,chlorine
5.2,0,crappy
5.2,0,separation
5.2,0,distinct
5.1,0,hostel
5.1,0,cattle
5.1,0,expressed
5.1,0,quilts
5.1,0,therefore
5.1,0,cupboards
5.1,0,remained
5.1,0,stole
5.1,0,improvements
5.1,0,registered
5.1,0,occurred
5.1,0,advertisement
5.1,0,rather
5.1,0,occupancy
5.1,0,heavy
5.1,0,intimidating
5.1,0,mat
5.1,0,sub
5.1,0,complain
5.1,0,wondering
5.1,0,height
5.1,0,pair
5.1,0,nt
5.1,0,cutlery
5.1,0,call
5.1,0,fitting
5.1,0,threw
5.1,0,dress
5.0,0,tooth
5.0,0,working
5.0,0,continued
5.0,0,kinda
5.0,0,challenging
5.0,0,deducted
5.0,0,potentially
5.0,0,detract
5.0,0,ignore
5.0,0,covers
5.0,0,finally
5.0,0,reaction
5.0,0,downfall
5.0,0,manageable
5.0,0,tubs
5.0,0,regulated
5.0,0,washers
5.0,0,signposted
5.0,0,gutter
5.0,0,diverted
5.0,0,remake
5.0,0,tackle
5.0,0,choking
5.0,0,verification
5.0,0,airconditioner
5.0,0,forgettable
5.0,0,removable
5.0,0,soured
5.0,0,collapse
5.0,0,obstacle
5.0,0,sentimental
5.0,0,horror
5.0,0,mental
5.0,0,fights
5.0,0,knee
5.0,0,racing
5.0,0,idle
5.0,0,elivator
5.0,0,posters
5.0,0,promoting
5.0,0,butlins
5.0,0,baseboards
5.0,0,reserving
5.0,0,baffled
5.0,0,remarked
5.0,0,hangers
5.0,0,giggling
5.0,0,piled
5.0,0,hitch
5.0,0,alleged
5.0,0,disengaged
5.0,0,costumes
5.0,0,mayonnaise
5.0,0,document
5.0,0,agitated
5.0,0,contractor
5.0,0,consolation
5.0,0,hairy
5.0,0,loudest
5.0,0,captive
5.0,0,peel
5.0,0,flask
5.0,0,hideously
5.0,0,masking
5.0,0,continual
5.0,0,swear
5.0,0,modernization
5.0,0,income
5.0,0,tiered
5.0,0,ties
5.0,0,regrettably
5.0,0,squished
5.0,0,folder
5.0,0,crowding
5.0,0,congregating
5.0,0,rising
5.0,0,rumbles
5.0,0,clatter
5.0,0,weirdly
5.0,0,pajamas
5.0,0,tore
5.0,0,hahaha
5.0,0,combat
5.0,0,packaging
5.0,0,relented
5.0,0,scan
5.0,0,banking
5.0,0,dbl
5.0,0,carts
5.0,0,disapointment
5.0,0,debits
5.0,0,existed
5.0,0,chicago
5.0,0,alerting
5.0,0,recycle
5.0,0,allready
5.0,0,widow
5.0,0,raises
5.0,0,workmanship
5.0,0,unblock
5.0,0,siting
5.0,0,dumb
5.0,0,expire
5.0,0,spit
5.0,0,advisable
5.0,0,escaping
5.0,0,wages
5.0,0,spontaneously
5.0,0,blouse
5.0,0,favours
5.0,0,stare
5.0,0,begrudgingly
5.0,0,describing
5.0,0,eachother
5.0,0,stares
5.0,0,screw
5.0,0,hinder
5.0,0,noodles
5.0,0,completing
5.0,0,rinse
5.0,0,tongue
5.0,0,itv
5.0,0,decades
5.0,0,motivation
5.0,0,carelessness
5.0,0,hmmm
5.0,0,fined
5.0,0,exposing
5.0,0,earliest
5.0,0,cap
5.0,0,terse
5.0,0,erected
5.0,0,escalator
5.0,0,conditional
5.0,0,utter
5.0,0,tent
5.0,0,apologizing
5.0,0,cartoon
5.0,0,infection
5.0,0,firmly
5.0,0,slaming
5.0,0,aeroplane
5.0,0,wouldve
5.0,0,decidedly
5.0,0,trainer
5.0,0,labelled
5.0,0,witness
5.0,0,label
5.0,0,validate
5.0,0,dollar
5.0,0,inaccessible
5.0,0,matrasses
5.0,0,bum
5.0,0,officious
5.0,0,reminder
5.0,0,selecting
5.0,0,buffering
5.0,0,uncommon
5.0,0,checks
5.0,0,residual
5.0,0,flop
5.0,0,illuminating
5.0,0,primitive
5.0,0,austere
5.0,0,oldies
5.0,0,pj
5.0,0,excepted
5.0,0,altered
5.0,0,worthless
5.0,0,programmed
5.0,0,varities
5.0,0,flags
5.0,0,shakes
5.0,0,baskets
5.0,0,superficial
5.0,0,specifics
5.0,0,inconvenienced
5.0,0,tablecloth
5.0,0,handwash
5.0,0,fathers
5.0,0,garages
5.0,0,stairwells
5.0,0,thirdly
5.0,0,dearer
5.0,0,killed
5.0,0,breezy
5.0,0,remnants
5.0,0,announcement
5.0,0,varnish
5.0,0,interfered
5.0,0,undone
5.0,0,catastrophe
5.0,0,pain
5.0,0,heating
5.0,0,towel
5.0,0,clear
5.0,0,swing
5.0,0,costly
4.9,0,put
4.9,0,refill
4.9,0,explain
4.9,0,material
4.9,0,turn
4.9,0,twice
4.9,0,paste
4.9,0,darkness
4.9,0,separately
4.9,0,disturbed
4.9,0,meant
4.9,0,seat
4.9,0,clinical
4.9,0,alcohol
4.9,0,flights
4.9,0,together
4.9,0,ages
4.9,0,placing
4.9,0,telling
4.9,0,apparent
4.9,0,fat
4.9,0,fatty
4.9,0,packets
4.9,0,cooler
4.9,0,repetitive
4.9,0,bother
4.9,0,decaf
4.9,0,half
4.9,0,login
4.8,0,measure
4.8,0,brochure
4.8,0,sleeper
4.8,0,fraction
4.8,0,beneath
4.8,0,shirts
4.8,0,per
4.8,0,incase
4.8,0,avoid
4.8,0,react
4.8,0,meantime
4.8,0,unwanted
4.8,0,freeview
4.8,0,tuned
4.8,0,attempting
4.8,0,cut
4.8,0,bland
4.8,0,partition
4.8,0,feedback
4.8,0,least
4.8,0,undergoing
4.8,0,raise
4.8,0,tie
4.8,0,inward
4.8,0,faucets
4.8,0,swept
4.8,0,motion
4.8,0,jackets
4.8,0,stamp
4.8,0,scratch
4.8,0,steamy
4.8,0,bowls
4.8,0,pouring
4.8,0,tolerable
4.8,0,toooo
4.8,0,aweful
4.8,0,says
4.8,0,dried
4.8,0,seedy
4.8,0,protection
4.8,0,restroom
4.8,0,winding
4.8,0,assigned
4.7,0,mistake
4.7,0,harder
4.7,0,fold
4.7,0,preferred
4.7,0,partly
4.7,0,spoil
4.7,0,thread
4.7,0,disadvantage
4.7,0,appeared
4.7,0,essentially
4.7,0,starts
4.7,0,safes
4.7,0,pillowcases
4.7,0,bandwidth
4.7,0,ticking
4.7,0,proceed
4.7,0,pans
4.7,0,bathe
4.7,0,budgeted
4.7,0,rennovation
4.7,0,hiding
4.7,0,neon
4.7,0,powered
4.7,0,negotiating
4.7,0,watered
4.7,0,trainers
4.7,0,mondays
4.7,0,reaches
4.7,0,waked
4.7,0,magnetic
4.7,0,zip
4.7,0,sharp
4.7,0,smokers
4.7,0,quibble
4.7,0,sunlight
4.7,0,alter
4.7,0,tiling
4.7,0,identical
4.7,0,closure
4.7,0,tobacco
4.7,0,understandably
4.7,0,informed
4.7,0,sounds
4.7,0,valid
4.7,0,ultimately
4.7,0,significant
4.7,0,insulation
4.7,0,noice
4.7,0,cup
4.7,0,remaining
4.7,0,secondary
4.7,0,wind
4.6,0,flannels
4.6,0,atleast
4.6,0,litter
4.6,0,non
4.6,0,beforehand
4.6,0,lets
4.6,0,miniature
4.6,0,repeating
4.6,0,sponge
4.6,0,wake
4.6,0,diners
4.6,0,teething
4.6,0,cards
4.6,0,armchair
4.6,0,usable
4.6,0,hair
4.6,0,belongings
4.6,0,fridges
4.6,0,profusely
4.6,0,appliance
4.6,0,negotiated
4.6,0,fused
4.6,0,ceramic
4.6,0,afterthought
4.6,0,resemblance
4.6,0,judgemental
4.6,0,smth
4.6,0,sinking
4.6,0,companions
4.6,0,fishy
4.6,0,whopping
4.6,0,unkempt
4.6,0,logical
4.6,0,glas
4.6,0,fyi
4.6,0,minimise
4.6,0,counters
4.6,0,constraints
4.6,0,grant
4.6,0,rips
4.6,0,hid
4.6,0,lounger
4.6,0,undesirable
4.6,0,youths
4.6,0,awakening
4.6,0,stripped
4.6,0,oops
4.6,0,documentation
4.6,0,noticeably
4.6,0,laggage
4.6,0,slant
4.6,0,refrigerators
4.6,0,lids
4.6,0,chopped
4.6,0,tags
4.6,0,underwhelmed
4.6,0,bases
4.6,0,fuzzy
4.6,0,overs
4.6,0,bot
4.6,0,commode
4.6,0,bunker
4.6,0,sneaky
4.6,0,objected
4.6,0,sack
4.6,0,corresponding
4.6,0,repainted
4.6,0,sat
4.6,0,unfortunately
4.6,0,yellow
4.6,0,tell
4.6,0,hearing
4.6,0,pity
4.6,0,premier
4.6,0,reminded
4.6,0,replenishing
4.6,0,dropped
4.6,0,wait
4.6,0,liking
4.6,0,sand
4.6,0,shorts
4.6,0,gripes
4.6,0,criticisms
4.6,0,preventing
4.6,0,spoiling
4.6,0,danger
4.5,0,approached
4.5,0,becomes
4.5,0,snooty
4.5,0,pepper
4.5,0,stinking
4.5,0,freshening
4.5,0,knives
4.5,0,handheld
4.5,0,tells
4.5,0,otherwise
4.5,0,hadnt
4.5,0,hygienic
4.5,0,toasted
4.5,0,rabbit
4.5,0,maze
4.5,0,strangely
4.5,0,specifically
4.5,0,toilette
4.5,0,settle
4.5,0,mirror
4.5,0,cars
4.5,0,stock
4.5,0,delay
4.5,0,grey
4.5,0,behaviour
4.5,0,privacy
4.5,0,thrown
4.5,0,status
4.5,0,running
4.5,0,persons
4.5,0,spotted
4.5,0,suitcases
4.5,0,window
4.5,0,anyhow
4.5,0,barriers
4.5,0,hv
4.5,0,indicating
4.5,0,identity
4.5,0,damn
4.5,0,stupidly
4.5,0,length
4.5,0,afraid
4.4,0,fried
4.4,0,intended
4.4,0,exist
4.4,0,clients
4.4,0,stopped
4.4,0,processing
4.4,0,passages
4.4,0,landings
4.4,0,tiresome
4.4,0,conduct
4.4,0,bug
4.4,0,filters
4.4,0,materialise
4.4,0,rocket
4.4,0,barefoot
4.4,0,compulsory
4.4,0,ink
4.4,0,overcharging
4.4,0,employ
4.4,0,unanswered
4.4,0,technically
4.4,0,lightly
4.4,0,dresser
4.4,0,incessant
4.4,0,hash
4.4,0,realize
4.4,0,edible
4.4,0,breathe
4.4,0,grotty
4.4,0,lock
4.4,0,skimmed
4.4,0,listing
4.4,0,ironed
4.4,0,heard
4.4,0,happening
4.4,0,motel
4.4,0,midnight
4.4,0,jug
4.4,0,pics
4.4,0,sort
4.4,0,nada
4.4,0,vegetarians
4.4,0,training
4.4,0,mounted
4.3,0,cancellation
4.3,0,careful
4.3,0,outage
4.3,0,openable
4.3,0,rood
4.3,0,coverings
4.3,0,compatible
4.3,0,undertaken
4.3,0,annexe
4.3,0,backing
4.3,0,pants
4.3,0,wakes
4.3,0,prompted
4.3,0,decaffeinated
4.3,0,misplaced
4.3,0,consists
4.3,0,consume
4.3,0,bedhead
4.3,0,mbit
4.3,0,gurgled
4.3,0,everday
4.3,0,sources
4.3,0,lounch
4.3,0,aftershave
4.3,0,ponds
4.3,0,deprived
4.3,0,overated
4.3,0,loppy
4.3,0,owls
4.3,0,correction
4.3,0,unrealistic
4.3,0,forgo
4.3,0,fronting
4.3,0,sweetener
4.3,0,arduous
4.3,0,acknowledgement
4.3,0,moring
4.3,0,halved
4.3,0,bathrrom
4.3,0,overspill
4.3,0,saga
4.3,0,jewelry
4.3,0,choked
4.3,0,tilt
4.3,0,clad
4.3,0,dime
4.3,0,lather
4.3,0,coverlet
4.3,0,herd
4.3,0,avilable
4.3,0,washcloth
4.3,0,gruff
4.3,0,disorder
4.3,0,thermometer
4.3,0,freshest
4.3,0,spin
4.3,0,lemons
4.3,0,bnb
4.3,0,smash
4.3,0,demagnetized
4.3,0,mths
4.3,0,carrer
4.3,0,justifiable
4.3,0,unduly
4.3,0,exteremely
4.3,0,inspire
4.3,0,directional
4.3,0,armoire
4.3,0,sly
4.3,0,lavatories
4.3,0,matrix
4.3,0,riot
4.3,0,skips
4.3,0,align
4.3,0,consistant
4.3,0,dough
4.3,0,blatantly
4.3,0,ads
4.3,0,grander
4.3,0,spruced
4.3,0,phd
4.3,0,durty
4.3,0,filty
4.3,0,creamers
4.3,0,phonecall
4.3,0,flapping
4.3,0,ass
4.3,0,longtime
4.3,0,gell
4.3,0,tense
4.3,0,approaches
4.3,0,skipping
4.3,0,tolerance
4.3,0,plunger
4.3,0,duplicate
4.3,0,involve
4.3,0,toulet
4.3,0,nylon
4.3,0,practicable
4.3,0,tact
4.3,0,bookers
4.3,0,brownish
4.3,0,colleague
4.3,0,excessively
4.3,0,oo
4.3,0,disrupting
4.3,0,cleanings
4.3,0,expressly
4.3,0,commensurate
4.3,0,expensively
4.3,0,overstuffed
4.3,0,confining
4.3,0,doubling
4.3,0,mascara
4.3,0,hous
4.3,0,inclination
4.3,0,flawed
4.3,0,cancellable
4.3,0,ubiquitous
4.3,0,root
4.3,0,clubbers
4.3,0,washbasins
4.3,0,intoxicated
4.3,0,hobbit
4.3,0,kerb
4.3,0,valves
4.3,0,escalated
4.3,0,vaccum
4.3,0,lasts
4.3,0,afar
4.3,0,nothinh
4.3,0,unto
4.3,0,rag
4.3,0,adviced
4.3,0,airplanes
4.3,0,chargable
4.3,0,wakened
4.3,0,somthing
4.3,0,severed
4.3,0,desolate
4.3,0,aparently
4.3,0,lingered
4.3,0,spam
4.3,0,hairbrush
4.3,0,irate
4.3,0,nonrefundable
4.3,0,pleasantries
4.3,0,incidence
4.3,0,disingenuous
4.3,0,nodded
4.3,0,moans
4.3,0,decaying
4.3,0,cabins
4.3,0,fleas
4.3,0,unblocking
4.3,0,blokes
4.3,0,considers
4.3,0,bazaar
4.3,0,mattrass
4.3,0,mayo
4.3,0,winds
4.3,0,piss
4.3,0,extention
4.3,0,expensiv
4.3,0,asda
4.3,0,boasted
4.3,0,mentioned
4.3,0,error
4.3,0,issue
4.3,0,raw
4.3,0,lose
4.3,0,ceiling
4.3,0,leaves
4.3,0,currently
4.3,0,expansive
4.3,0,obtain
4.3,0,trick
4.3,0,seemed
4.3,0,marks
4.3,0,wondered
4.3,0,alternate
4.3,0,minimum
4.3,0,think
4.3,0,whereas
4.3,0,slices
4.3,0,empathy
4.3,0,inspection
4.3,0,exists
4.3,0,death
4.3,0,permit
4.3,0,heels
4.3,0,refunding
4.3,0,disastrous
4.3,0,communicating
4.3,0,listed
4.3,0,table
4.3,0,toast
4.2,0,conversation
4.2,0,confirm
4.2,0,salty
4.2,0,moved
4.2,0,quilt
4.2,0,isolation
4.2,0,straighteners
4.2,0,freezer
4.2,0,throat
4.2,0,refilling
4.2,0,deceptive
4.2,0,copy
4.2,0,congested
4.2,0,noticed
4.2,0,desired
4.2,0,ac
4.2,0,opening
4.2,0,advance
4.2,0,small
4.2,0,container
4.2,0,disposable
4.2,0,cables
4.2,0,inflated
4.2,0,inwards
4.2,0,comforter
4.2,0,photographs
4.2,0,vamp
4.2,0,weddings
4.2,0,passageways
4.2,0,lottery
4.2,0,meh
4.2,0,dormitory
4.2,0,panini
4.2,0,coincidence
4.2,0,wasent
4.2,0,fresheners
4.2,0,hindrance
4.2,0,occupier
4.2,0,ambitious
4.2,0,ramps
4.2,0,donot
4.2,0,movable
4.2,0,doorways
4.2,0,bathtubs
4.2,0,embarassing
4.2,0,muffled
4.2,0,tokyo
4.2,0,carriage
4.2,0,decisions
4.2,0,icy
4.2,0,skill
4.2,0,recording
4.2,0,sprung
4.2,0,misfortune
4.2,0,decreased
4.2,0,consumer
4.2,0,males
4.2,0,swung
4.2,0,snobbish
4.2,0,username
4.2,0,grow
4.2,0,liar
4.2,0,disadvantages
4.2,0,filler
4.2,0,refresher
4.2,0,scrubbing
4.2,0,vendors
4.2,0,shaded
4.2,0,reassurance
4.2,0,passenger
4.2,0,oneself
4.2,0,seams
4.2,0,rediculously
4.2,0,rudimentary
4.2,0,mot
4.2,0,submarine
4.2,0,pavement
4.2,0,warmer
4.2,0,emergency
4.2,0,admittedly
4.2,0,fell
4.2,0,requesting
4.2,0,reduction
4.2,0,missed
4.2,0,age
4.2,0,handed
4.2,0,hang
4.2,0,complains
4.2,0,relocated
4.2,0,salt
4.2,0,signing
4.2,0,handicapped
4.1,0,temp
4.1,0,apologetic
4.1,0,basic
4.1,0,include
4.1,0,justified
4.1,0,blast
4.1,0,texture
4.1,0,remodeling
4.1,0,rises
4.1,0,ordeal
4.1,0,misses
4.1,0,handrail
4.1,0,dispite
4.1,0,pumping
4.1,0,hydro
4.1,0,allowance
4.1,0,helicopter
4.1,0,dresses
4.1,0,inquire
4.1,0,subpar
4.1,0,bothers
4.1,0,belief
4.1,0,webpage
4.1,0,stead
4.1,0,angles
4.1,0,protocol
4.1,0,bizarrely
4.1,0,marketed
4.1,0,hit
4.1,0,adjusted
4.1,0,seems
4.1,0,downside
4.1,0,noise
4.1,0,glazed
4.1,0,investment
4.1,0,sliced
4.1,0,suggestion
4.1,0,thirty
4.1,0,pax
4.1,0,pyjamas
4.1,0,alas
4.1,0,bedsheet
4.1,0,uniform
4.1,0,breathing
4.1,0,corkscrew
4.1,0,shaky
4.1,0,profile
4.1,0,valve
4.1,0,clocks
4.1,0,assure
4.1,0,fewer
4.1,0,crazy
4.1,0,lie
4.1,0,glazing
4.1,0,cameras
4.1,0,pillar
4.1,0,principle
4.1,0,rung
4.1,0,versa
4.1,0,agency
4.1,0,acting
4.1,0,characters
4.1,0,native
4.1,0,dubious
4.1,0,pushchair
4.1,0,owing
4.1,0,thereafter
4.1,0,progress
4.1,0,sold
4.1,0,picture
4.1,0,slower
4.1,0,flannel
4.1,0,ordered
4.1,0,emails
4.1,0,lesser
4.1,0,rubber
4.1,0,parties
4.1,0,booklet
4.1,0,women
4.1,0,password
4.1,0,covered
4.1,0,treadmill
4.1,0,painted
4.0,0,coke
4.0,0,pm
4.0,0,loss
4.0,0,admit
4.0,0,ancient
4.0,0,wc
4.0,0,spare
4.0,0,another
4.0,0,inch
4.0,0,refundable
4.0,0,shirt
4.0,0,suggest
4.0,0,agreed
4.0,0,informing
4.0,0,euros
4.0,0,person
4.0,0,quicker
4.0,0,fit
4.0,0,news
4.0,0,previous
4.0,0,tried
4.0,0,temperature
4.0,0,due
4.0,0,mornings
4.0,0,either
4.0,0,pricey
4.0,0,reservation
4.0,0,clothing
4.0,0,certain
4.0,0,open
4.0,0,picking
4.0,0,shown
4.0,0,hence
4.0,0,topper
4.0,0,skin
4.0,0,asleep
4.0,0,spring
4.0,0,refit
4.0,0,reference
4.0,0,pp
3.9,0,closet
3.9,0,underneath
3.9,0,rushed
3.9,0,obliged
3.9,0,minus
3.9,0,pots
3.9,0,refurbishments
3.9,0,glasses
3.9,0,cans
3.9,0,ment
3.9,0,intention
3.9,0,hold
3.9,0,showing
3.9,0,lead
3.9,0,renovations
3.9,0,communication
3.9,0,died
3.9,0,vacate
3.9,0,theft
3.9,0,racks
3.9,0,dip
3.9,0,sauce
3.9,0,trust
3.9,0,considerable
3.9,0,dont
3.9,0,dot
3.9,0,varies
3.9,0,conclusion
3.9,0,reputable
3.9,0,installed
3.9,0,pas
3.9,0,accompany
3.9,0,postage
3.9,0,simpler
3.9,0,enclosed
3.9,0,solution
3.9,0,un
3.9,0,sad
3.9,0,soulless
3.9,0,joined
3.9,0,earn
3.9,0,roadside
3.9,0,poking
3.9,0,solely
3.9,0,grabbing
3.9,0,horn
3.9,0,laws
3.9,0,temps
3.9,0,arguments
3.9,0,dosent
3.9,0,brightly
3.9,0,pedestrians
3.9,0,telephoned
3.9,0,cage
3.9,0,barrier
3.9,0,partying
3.9,0,flats
3.9,0,friendlier
3.9,0,asked
3.9,0,duvets
3.9,0,remedied
3.9,0,rule
3.9,0,send
3.9,0,faults
3.9,0,sides
3.9,0,annoy
3.9,0,littel
3.9,0,unsatisfied
3.9,0,finer
3.9,0,disturbs
3.9,0,confirming
3.9,0,chances
3.9,0,mildly
3.9,0,disappointments
3.9,0,squeezy
3.9,0,tryed
3.9,0,cl
3.9,0,glow
3.9,0,climatisation
3.9,0,flex
3.9,0,ketchup
3.9,0,goings
3.9,0,rashers
3.9,0,notifying
3.9,0,carrier
3.9,0,click
3.9,0,om
3.9,0,dank
3.9,0,representation
3.9,0,configured
3.9,0,unfit
3.9,0,vertical
3.9,0,rated
3.8,0,mushrooms
3.8,0,functioning
3.8,0,mattress
3.8,0,gel
3.8,0,allergic
3.8,0,bidet
3.8,0,maintain
3.8,0,stressed
3.8,0,tied
3.8,0,promises
3.8,0,cabinets
3.8,0,tow
3.8,0,dubai
3.8,0,pricy
3.8,0,change
3.8,0,fall
3.8,0,electrical
3.8,0,item
3.8,0,laying
3.8,0,overdue
3.8,0,drinkers
3.8,0,miscommunication
3.8,0,significantly
3.8,0,shady
3.8,0,overpowering
3.8,0,maximum
3.8,0,shoved
3.8,0,barhroom
3.8,0,ensued
3.8,0,velux
3.8,0,lieu
3.8,0,acts
3.8,0,stunned
3.8,0,frigobar
3.8,0,fiddle
3.8,0,trolly
3.8,0,redo
3.8,0,rummet
3.8,0,intruding
3.8,0,pjs
3.8,0,struggles
3.8,0,greens
3.8,0,celling
3.8,0,hardware
3.8,0,flor
3.8,0,photographic
3.8,0,supervised
3.8,0,nb
3.8,0,nonsmoking
3.8,0,bedcover
3.8,0,compassion
3.8,0,charmless
3.8,0,buisness
3.8,0,sms
3.8,0,sinus
3.8,0,vase
3.8,0,accidently
3.8,0,fiasco
3.8,0,undersized
3.8,0,butt
3.8,0,infested
3.8,0,ould
3.8,0,footpath
3.8,0,declare
3.8,0,itching
3.8,0,glorified
3.8,0,basil
3.8,0,gauge
3.8,0,killing
3.8,0,mattres
3.8,0,smeared
3.8,0,disguise
3.8,0,lifeless
3.8,0,facecloth
3.8,0,rescued
3.8,0,files
3.8,0,pattern
3.8,0,passcode
3.8,0,begining
3.8,0,warranted
3.8,0,accepted
3.8,0,aligned
3.8,0,hs
3.8,0,sufferers
3.8,0,testing
3.8,0,ordering
3.8,0,payable
3.8,0,head
3.8,0,afterwards
3.8,0,con
3.8,0,controller
3.8,0,internal
3.8,0,believe
3.8,0,foreign
3.8,0,explained
3.8,0,wont
3.8,0,excluding
3.8,0,overly
3.8,0,caliber
3.8,0,inconveniences
3.8,0,prob
3.8,0,trousers
3.8,0,customers
3.8,0,costs
3.8,0,cos
3.8,0,shoes
3.8,0,logging
3.8,0,conditioning
3.8,0,organisation
3.8,0,thus
3.7,0,aircon
3.7,0,took
3.7,0,mean
3.7,0,medium
3.7,0,nearly
3.7,0,response
3.7,0,air
3.7,0,hose
3.7,0,accent
3.7,0,acoustics
3.7,0,chrome
3.7,0,havent
3.7,0,outweighed
3.7,0,distracted
3.7,0,penalty
3.7,0,pane
3.7,0,onwards
3.7,0,touching
3.7,0,credit
3.7,0,mail
3.7,0,cause
3.7,0,potential
3.7,0,police
3.7,0,produced
3.7,0,nail
3.7,0,connect
3.7,0,appears
3.7,0,reviewed
3.7,0,folding
3.7,0,milk
3.7,0,procedure
3.7,0,situations
3.7,0,overcrowded
3.7,0,became
3.7,0,imagine
3.7,0,however
3.7,0,ends
3.7,0,steward
3.7,0,begun
3.7,0,reduces
3.7,0,entitle
3.7,0,facities
3.7,0,baking
3.7,0,occassions
3.7,0,teensy
3.7,0,wasnot
3.7,0,diversions
3.7,0,empties
3.7,0,sweeteners
3.7,0,demonstration
3.7,0,laughably
3.7,0,symbolic
3.7,0,crab
3.7,0,cleanup
3.7,0,pamphlets
3.7,0,sharply
3.7,0,bodged
3.7,0,legally
3.7,0,faclities
3.7,0,grudgingly
3.7,0,tis
3.7,0,tog
3.7,0,mercury
3.7,0,diningroom
3.7,0,pushes
3.7,0,thermal
3.7,0,accuracy
3.7,0,diabetic
3.7,0,cranley
3.7,0,flakes
3.7,0,toastie
3.7,0,cudnt
3.7,0,ludicrously
3.7,0,risked
3.7,0,seprate
3.7,0,wd
3.7,0,aftertaste
3.7,0,overcame
3.7,0,existence
3.7,0,concentrating
3.7,0,fogged
3.7,0,approve
3.7,0,preserve
3.7,0,complaine
3.7,0,dampened
3.7,0,drowned
3.7,0,boxy
3.7,0,ras
3.7,0,soil
3.7,0,restarted
3.7,0,didt
3.7,0,assembled
3.7,0,habitable
3.7,0,mundane
3.7,0,bonkers
3.7,0,dominating
3.7,0,persuade
3.7,0,bundled
3.7,0,tuning
3.7,0,obstructive
3.7,0,backup
3.7,0,tongs
3.7,0,bugged
3.7,0,cloak
3.7,0,benifit
3.7,0,drowning
3.7,0,complication
3.7,0,somtimes
3.7,0,klein
3.7,0,rugged
3.7,0,demonstrate
3.7,0,mashed
3.7,0,crisps
3.7,0,segments
3.7,0,pickle
3.7,0,imposed
3.7,0,streams
3.7,0,pizzaria
3.7,0,drizzle
3.7,0,moisturiser
3.7,0,affairs
3.7,0,coarse
3.7,0,collegues
3.7,0,fibre
3.7,0,frist
3.7,0,nocturnal
3.7,0,crick
3.7,0,unplugging
3.7,0,readied
3.7,0,attire
3.7,0,refrigerate
3.7,0,inexistent
3.7,0,panicked
3.7,0,tidier
3.7,0,entryway
3.7,0,invasion
3.7,0,occurs
3.7,0,literaly
3.7,0,lopy
3.7,0,ajar
3.7,0,tights
3.7,0,delegates
3.7,0,fungi
3.7,0,cornflakes
3.7,0,compair
3.7,0,needles
3.7,0,snake
3.7,0,snickers
3.7,0,topic
3.7,0,providers
3.7,0,shortages
3.7,0,fiddling
3.7,0,contempt
3.7,0,foldaway
3.7,0,wifii
3.7,0,cob
3.7,0,watering
3.7,0,meds
3.7,0,peg
3.7,0,trop
3.7,0,wiffi
3.7,0,shaker
3.7,0,liquids
3.7,0,catastrophic
3.7,0,survived
3.7,0,leek
3.7,0,enemy
3.7,0,curled
3.7,0,anti
3.7,0,robots
3.7,0,permitted
3.7,0,outisde
3.7,0,witnessed
3.7,0,humiliated
3.7,0,frowned
3.7,0,whining
3.7,0,lint
3.7,0,citizens
3.7,0,innkeeper
3.7,0,madrass
3.7,0,credibility
3.7,0,swimsuit
3.7,0,tens
3.7,0,havnt
3.7,0,aforementioned
3.7,0,slime
3.7,0,probable
3.7,0,ermins
3.7,0,mute
3.7,0,managable
3.7,0,streetside
3.7,0,bleaching
3.7,0,cribs
3.7,0,dose
3.7,0,plainly
3.7,0,forgiven
3.7,0,outlay
3.7,0,thermostats
3.7,0,workin
3.7,0,garlic
3.7,0,fines
3.7,0,contaminated
3.7,0,nicotine
3.7,0,costy
3.7,0,afterall
3.7,0,trusting
3.7,0,downmarket
3.7,0,shabbier
3.7,0,routinely
3.7,0,becuse
3.7,0,sweetner
3.7,0,complimetary
3.7,0,conservation
3.7,0,accounted
3.7,0,irrelevant
3.7,0,summoned
3.7,0,habe
3.7,0,reconnection
3.7,0,seminars
3.7,0,lat
3.7,0,rebranded
3.7,0,striped
3.7,0,stipulate
3.7,0,fuming
3.7,0,margin
3.7,0,magnet
3.7,0,pocketed
3.7,0,write
3.7,0,insulate
3.7,0,boo
3.7,0,viable
3.7,0,theoretically
3.7,0,tampered
3.7,0,huff
3.7,0,paints
3.7,0,administrator
3.7,0,motels
3.7,0,preauthorization
3.7,0,packing
3.7,0,seemingly
3.7,0,initially
3.7,0,lockers
3.7,0,function
3.7,0,flooring
3.6,0,locks
3.6,0,share
3.6,0,doubles
3.6,0,cheaper
3.6,0,seats
3.6,0,external
3.6,0,hoping
3.6,0,enter
3.6,0,fee
3.6,0,maintainance
3.6,0,doona
3.6,0,gutted
3.6,0,underway
3.6,0,freshened
3.6,0,tested
3.6,0,nigh
3.6,0,pork
3.6,0,twin
3.6,0,ihg
3.6,0,body
3.6,0,airconditioning
3.6,0,waking
3.6,0,noting
3.6,0,bedded
3.6,0,mentioning
3.6,0,searched
3.6,0,glitch
3.6,0,rocks
3.6,0,steel
3.6,0,developed
3.6,0,pictures
3.6,0,still
3.6,0,plugs
3.6,0,luck
3.6,0,ask
3.6,0,rush
3.6,0,key
3.6,0,hurry
3.6,0,convert
3.6,0,blind
3.6,0,fridays
3.6,0,column
3.6,0,occupy
3.6,0,driveway
3.6,0,irrespective
3.6,0,rubish
3.6,0,steaming
3.6,0,implies
3.6,0,helpless
3.6,0,measured
3.6,0,distraction
3.6,0,roommate
3.6,0,frugal
3.6,0,judged
3.6,0,plugging
3.6,0,perceived
3.6,0,invitation
3.6,0,filming
3.6,0,vision
3.6,0,queing
3.6,0,vodka
3.6,0,ther
3.6,0,stools
3.6,0,reassure
3.6,0,reviewing
3.6,0,bacon
3.6,0,anyway
3.6,0,entirely
3.6,0,par
3.6,0,waiting
3.6,0,version
3.6,0,configuration
3.6,0,obviously
3.6,0,tone
3.5,0,benefitted
3.5,0,recovered
3.5,0,fees
3.5,0,cider
3.5,0,menue
3.5,0,douche
3.5,0,survive
3.5,0,pull
3.5,0,changed
3.5,0,asking
3.5,0,dressed
3.5,0,system
3.5,0,asks
3.5,0,ikea
3.5,0,downhill
3.5,0,smallness
3.5,0,prints
3.5,0,ordinary
3.5,0,bearable
3.5,0,sockets
3.5,0,conditioners
3.5,0,sterile
3.5,0,coz
3.5,0,pour
3.5,0,holding
3.5,0,know
3.5,0,acceptable
3.5,0,pin
3.5,0,sometime
3.5,0,opinion
3.5,0,feet
3.5,0,follow
3.5,0,reduced
3.5,0,blankets
3.5,0,overhead
3.5,0,chaos
3.5,0,agree
3.5,0,whatsoever
3.5,0,hell
3.5,0,costing
3.5,0,sadly
3.5,0,contacting
3.5,0,hands
3.5,0,disabled
3.5,0,weekdays
3.5,0,disruption
3.5,0,rely
3.5,0,sound
3.5,0,overheard
3.5,0,patrons
3.5,0,awhile
3.5,0,programs
3.5,0,meter
3.5,0,button
3.5,0,upholstery
3.5,0,cardio
3.5,0,enquire
3.5,0,competition
3.5,0,attic
3.5,0,changing
3.5,0,perfumed
3.5,0,odds
3.5,0,observed
3.5,0,enquiry
3.5,0,understatement
3.5,0,unused
3.5,0,tag
3.5,0,bend
3.4,0,stand
3.4,0,cancelled
3.4,0,later
3.4,0,reflecting
3.4,0,sauces
3.4,0,thermos
3.4,0,tears
3.4,0,lbs
3.4,0,clearance
3.4,0,pairs
3.4,0,pitty
3.4,0,perception
3.4,0,widely
3.4,0,determine
3.4,0,shortcomings
3.4,0,receive
3.4,0,nevertheless
3.4,0,never
3.4,0,called
3.4,0,coverage
3.4,0,windows
3.4,0,passed
3.4,0,delays
3.4,0,opened
3.4,0,goodness
3.4,0,eur
3.4,0,vegetable
3.4,0,sanitary
3.4,0,exchange
3.4,0,guests
3.4,0,male
3.4,0,subject
3.4,0,awaiting
3.4,0,caps
3.4,0,losing
3.4,0,meaning
3.4,0,cellar
3.4,0,mad
3.4,0,housekeeper
3.4,0,hot
3.4,0,pot
3.4,0,suffer
3.4,0,injury
3.4,0,promise
3.4,0,birmingham
3.4,0,incidents
3.4,0,throught
3.4,0,liveable
3.4,0,opting
3.4,0,quirk
3.4,0,smalll
3.4,0,ghost
3.4,0,focusing
3.4,0,referring
3.4,0,sauvignon
3.4,0,odours
3.4,0,gloss
3.4,0,chiller
3.4,0,troubled
3.4,0,eliminate
3.4,0,lodged
3.4,0,chunky
3.4,0,unjustified
3.4,0,thet
3.4,0,acc
3.4,0,scope
3.4,0,combinations
3.4,0,resembles
3.4,0,athletic
3.4,0,perimeter
3.4,0,juggle
3.4,0,pose
3.4,0,headroom
3.4,0,coil
3.4,0,refrigerated
3.4,0,sprinkler
3.4,0,refrain
3.4,0,dividing
3.4,0,mysteriously
3.4,0,revamping
3.4,0,describes
3.4,0,embarrassingly
3.4,0,flick
3.4,0,slighty
3.4,0,unlocking
3.4,0,toasters
3.4,0,tolerate
3.4,0,career
3.4,0,garments
3.4,0,crushed
3.4,0,bounced
3.4,0,practices
3.4,0,paied
3.4,0,unoccupied
3.4,0,minds
3.4,0,extends
3.4,0,humidifier
3.4,0,dat
3.4,0,tighter
3.4,0,bathrooom
3.4,0,tray
3.4,0,believing
3.4,0,rights
3.4,0,unreasonably
3.4,0,realizing
3.4,0,dor
3.4,0,intervened
3.4,0,tiredness
3.4,0,omitted
3.4,0,warmers
3.4,0,cords
3.4,0,headaches
3.4,0,determined
3.4,0,brigade
3.4,0,bitterly
3.4,0,carry
3.4,0,pulled
3.4,0,beans
3.4,0,double
3.4,0,critical
3.4,0,accordingly
3.4,0,laptops
3.4,0,hairdryers
3.4,0,figured
3.4,0,draw
3.4,0,states
3.4,0,prefer
3.4,0,shade
3.4,0,gain
3.4,0,leading
3.4,0,proof
3.4,0,case
3.4,0,chips
3.4,0,booking
3.4,0,current
3.4,0,manic
3.4,0,boxed
3.4,0,fills
3.4,0,scaffold
3.4,0,satisfactorily
3.4,0,learnt
3.4,0,teh
3.4,0,accepting
3.4,0,inquired
3.4,0,caution
3.4,0,vegans
3.4,0,might
3.4,0,alternative
3.4,0,bring
3.4,0,sole
3.4,0,overdone
3.4,0,split
3.4,0,potato
3.3,0,card
3.3,0,complaints
3.3,0,shorter
3.3,0,procedures
3.3,0,trouser
3.3,0,cabin
3.3,0,necessarily
3.3,0,bedsheets
3.3,0,according
3.3,0,smelling
3.3,0,incident
3.3,0,drawback
3.3,0,becoming
3.3,0,tended
3.3,0,showerhead
3.3,0,inns
3.3,0,charge
3.3,0,realized
3.3,0,press
3.3,0,additionally
3.3,0,holds
3.3,0,discussed
3.3,0,mushroom
3.3,0,costed
3.3,0,literature
3.3,0,sleeping
3.3,0,temperatures
3.3,0,may
3.3,0,recieve
3.3,0,subtitles
3.3,0,meanwhile
3.3,0,judging
3.3,0,sweltering
3.3,0,depicted
3.3,0,thee
3.3,0,constructed
3.3,0,hourly
3.3,0,seriously
3.3,0,phones
3.3,0,taken
3.3,0,panel
3.3,0,enquired
3.3,0,crowded
3.3,0,completely
3.3,0,matter
3.3,0,answer
3.3,0,respond
3.3,0,weights
3.3,0,alley
3.3,0,bud
3.3,0,endured
3.3,0,pram
3.3,0,expand
3.3,0,gimmicky
3.3,0,owe
3.3,0,chimney
3.3,0,redecorate
3.3,0,redeemed
3.3,0,adamant
3.3,0,appauling
3.3,0,faux
3.3,0,clarified
3.3,0,differ
3.3,0,terror
3.3,0,comings
3.3,0,registering
3.3,0,quantities
3.3,0,unavailability
3.3,0,condoms
3.3,0,rope
3.3,0,cots
3.3,0,toliet
3.3,0,outward
3.3,0,altho
3.3,0,lists
3.3,0,bo
3.3,0,wheelchairs
3.3,0,selves
3.3,0,aback
3.3,0,minibars
3.3,0,washing
3.3,0,muck
3.3,0,befor
3.3,0,single
3.3,0,shampoo
3.3,0,bits
3.3,0,order
3.3,0,duvet
3.3,0,charging
3.3,0,clock
3.3,0,stars
3.3,0,reasons
3.3,0,extension
3.3,0,driver
3.3,0,gray
3.3,0,strictly
3.3,0,browns
3.3,0,brown
3.3,0,could
3.3,0,behavior
3.3,0,something
3.3,0,impact
3.3,0,fill
3.3,0,sharing
3.3,0,furniture
3.3,0,entering
3.3,0,days
3.2,0,luggages
3.2,0,physical
3.2,0,compensated
3.2,0,dungeon
3.2,0,anyways
3.2,0,alternatives
3.2,0,matresses
3.2,0,resolution
3.2,0,dump
3.2,0,cave
3.2,0,ambulance
3.2,0,dating
3.2,0,leg
3.2,0,notice
3.2,0,allocated
3.2,0,calling
3.2,0,unload
3.2,0,skip
3.2,0,origin
3.2,0,reflected
3.2,0,defined
3.2,0,kleenex
3.2,0,fifty
3.2,0,exited
3.2,0,shy
3.2,0,shutter
3.2,0,season
3.2,0,absurdly
3.2,0,buzzer
3.2,0,intervention
3.2,0,flustered
3.2,0,entered
3.2,0,maid
3.2,0,cost
3.2,0,form
3.2,0,bigger
3.2,0,matress
3.2,0,applies
3.2,0,consistency
3.2,0,bouncy
3.2,0,star
3.2,0,cleaning
3.2,0,calibre
3.2,0,vanity
3.2,0,talked
3.2,0,pieces
3.2,0,allocation
3.2,0,numbers
3.2,0,sorry
3.2,0,lesson
3.2,0,allow
3.2,0,user
3.2,0,arm
3.2,0,learn
3.2,0,euro
3.2,0,transferred
3.2,0,litle
3.2,0,frequency
3.2,0,gust
3.2,0,tipping
3.2,0,wool
3.2,0,allotted
3.2,0,uplift
3.2,0,din
3.2,0,dash
3.2,0,hardest
3.2,0,duly
3.2,0,glitches
3.2,0,prices
3.2,0,heaters
3.2,0,image
3.2,0,merely
3.2,0,jumping
3.2,0,upstairs
3.2,0,photos
3.2,0,realised
3.2,0,addressed
3.2,0,avail
3.2,0,isolated
3.2,0,floating
3.2,0,saturday
3.2,0,appropriate
3.2,0,counted
3.2,0,perform
3.2,0,kettles
3.2,0,apologising
3.2,0,chanels
3.2,0,battle
3.2,0,amend
3.2,0,starters
3.2,0,graffiti
3.2,0,listening
3.2,0,oil
3.2,0,effect
3.1,0,row
3.1,0,began
3.1,0,hiltons
3.1,0,test
3.1,0,vending
3.1,0,folded
3.1,0,pre
3.1,0,folk
3.1,0,sales
3.1,0,melted
3.1,0,temporarily
3.1,0,record
3.1,0,canteen
3.1,0,similarly
3.1,0,passing
3.1,0,bass
3.1,0,lifted
3.1,0,disabilities
3.1,0,appetising
3.1,0,bench
3.1,0,c
3.1,0,led
3.1,0,faced
3.1,0,n
3.1,0,considerably
3.1,0,stage
3.1,0,expect
3.1,0,cushions
3.1,0,cosmetic
3.1,0,feathers
3.1,0,companies
3.1,0,lg
3.1,0,everytime
3.1,0,toothbrushes
3.1,0,known
3.1,0,average
3.1,0,add
3.1,0,foam
3.1,0,overwhelmed
3.1,0,television
3.1,0,condiments
3.1,0,flip
3.1,0,se
3.1,0,dental
3.1,0,task
3.1,0,eaten
3.1,0,pregnant
3.1,0,address
3.1,0,cleaned
3.1,0,drops
3.1,0,correct
3.1,0,decided
3.1,0,laptop
3.1,0,splash
3.1,0,minimal
3.1,0,pitch
3.1,0,airco
3.1,0,electric
3.1,0,long
3.1,0,users
3.1,0,guard
3.0,0,ppl
3.0,0,face
3.0,0,supervisor
3.0,0,category
3.0,0,technical
3.0,0,occasions
3.0,0,side
3.0,0,couldnt
3.0,0,means
3.0,0,contacted
3.0,0,suggested
3.0,0,shoe
3.0,0,issues
3.0,0,hours
3.0,0,rack
3.0,0,listen
3.0,0,cleaners
3.0,0,threshold
3.0,0,subsided
3.0,0,grain
3.0,0,chamomile
3.0,0,detachable
3.0,0,bones
3.0,0,unscrew
3.0,0,confidential
3.0,0,demonstrations
3.0,0,ext
3.0,0,ban
3.0,0,pops
3.0,0,manning
3.0,0,handful
3.0,0,objections
3.0,0,toll
3.0,0,darn
3.0,0,involves
3.0,0,hostility
3.0,0,thar
3.0,0,shafts
3.0,0,bing
3.0,0,acid
3.0,0,gick
3.0,0,onus
3.0,0,showercap
3.0,0,tome
3.0,0,horizontally
3.0,0,competency
3.0,0,zink
3.0,0,nations
3.0,0,aditional
3.0,0,apparatus
3.0,0,ticketed
3.0,0,corridoor
3.0,0,choosen
3.0,0,objection
3.0,0,stats
3.0,0,horible
3.0,0,curb
3.0,0,carlson
3.0,0,theses
3.0,0,impatiently
3.0,0,overzealous
3.0,0,collecting
3.0,0,earbuds
3.0,0,weared
3.0,0,copthorne
3.0,0,powering
3.0,0,por
3.0,0,coul
3.0,0,apologetically
3.0,0,lawn
3.0,0,weatherspoon
3.0,0,stumble
3.0,0,loos
3.0,0,mitigated
3.0,0,retrieving
3.0,0,littlebit
3.0,0,spreading
3.0,0,prolonged
3.0,0,badrum
3.0,0,pellows
3.0,0,whoever
3.0,0,laugage
3.0,0,beter
3.0,0,det
3.0,0,formation
3.0,0,relieve
3.0,0,halaal
3.0,0,bodywash
3.0,0,voluntary
3.0,0,permeating
3.0,0,builder
3.0,0,squeeked
3.0,0,fenced
3.0,0,discharged
3.0,0,reactions
3.0,0,tests
3.0,0,chatter
3.0,0,detached
3.0,0,minbar
3.0,0,brass
3.0,0,responce
3.0,0,conversing
3.0,0,badges
3.0,0,bodies
3.0,0,misspelled
3.0,0,phonecalls
3.0,0,provid
3.0,0,degraded
3.0,0,availabilities
3.0,0,deadly
3.0,0,uneducated
3.0,0,bind
3.0,0,waisted
3.0,0,barn
3.0,0,occur
3.0,0,skirts
3.0,0,imagination
3.0,0,duped
3.0,0,lb
3.0,0,unsociable
3.0,0,submit
3.0,0,limitations
3.0,0,magnitude
3.0,0,dit
3.0,0,bloomberg
3.0,0,poison
3.0,0,downpour
3.0,0,prostitution
3.0,0,kgs
3.0,0,shelve
3.0,0,posibility
3.0,0,buiscuits
3.0,0,po
3.0,0,seperating
3.0,0,compete
3.0,0,erg
3.0,0,trait
3.0,0,mx
3.0,0,wateringly
3.0,0,remade
3.0,0,nap
3.0,0,deterioration
3.0,0,booming
3.0,0,unsure
3.0,0,inducing
3.0,0,assign
3.0,0,thou
3.0,0,indians
3.0,0,eliminates
3.0,0,telegraph
3.0,0,shampooing
3.0,0,swamped
3.0,0,countertop
3.0,0,blurb
3.0,0,gest
3.0,0,prioritised
3.0,0,plunged
3.0,0,uncomfort
3.0,0,yorkshire
3.0,0,strangest
3.0,0,brough
3.0,0,improvise
3.0,0,airplane
3.0,0,pathroom
3.0,0,seperated
3.0,0,tenner
3.0,0,bap
3.0,0,commands
3.0,0,scandal
3.0,0,towls
3.0,0,fag
3.0,0,inspite
3.0,0,mistakenly
3.0,0,foil
3.0,0,streaks
3.0,0,onset
3.0,0,allocations
3.0,0,virtue
3.0,0,nesting
3.0,0,whn
3.0,0,quibbling
3.0,0,disclose
3.0,0,agile
3.0,0,consumables
3.0,0,paved
3.0,0,systematically
3.0,0,sardines
3.0,0,contents
3.0,0,rooming
3.0,0,confront
3.0,0,trifle
3.0,0,enduring
3.0,0,weeny
3.0,0,reschedule
3.0,0,curtins
3.0,0,blankly
3.0,0,countdown
3.0,0,vegetables
3.0,0,submitting
3.0,0,hump
3.0,0,troubling
3.0,0,mucked
3.0,0,inhabitants
3.0,0,maximising
3.0,0,artived
3.0,0,pimms
3.0,0,childish
3.0,0,creatures
3.0,0,drums
3.0,0,sectioned
3.0,0,aeroplanes
3.0,0,deception
3.0,0,nightshift
3.0,0,advisory
3.0,0,toillet
3.0,0,theroom
3.0,0,ohh
3.0,0,blackened
3.0,0,arrow
3.0,0,brighten
3.0,0,alleviate
3.0,0,religion
3.0,0,proudly
3.0,0,sidewalks
3.0,0,shelfs
3.0,0,specifications
3.0,0,declaration
3.0,0,fate
3.0,0,em
3.0,0,weakness
3.0,0,mouth
3.0,0,impolitely
3.0,0,telephoning
3.0,0,recep
3.0,0,amneties
3.0,0,swallowed
3.0,0,hauled
3.0,0,twitter
3.0,0,chew
3.0,0,clouded
3.0,0,crackling
3.0,0,fence
3.0,0,sittings
3.0,0,referb
3.0,0,roller
3.0,0,stil
3.0,0,bas
3.0,0,bern
3.0,0,smokes
3.0,0,waft
3.0,0,nits
3.0,0,whith
3.0,0,toasts
3.0,0,cheaply
3.0,0,camomile
3.0,0,fraught
3.0,0,logistical
3.0,0,wld
3.0,0,versions
3.0,0,slips
3.0,0,furb
3.0,0,incharge
3.0,0,asides
3.0,0,crummy
3.0,0,recurrent
3.0,0,dispute
3.0,0,elvator
3.0,0,blackouts
3.0,0,overdraft
3.0,0,strips
3.0,0,bettet
3.0,0,dialled
3.0,0,bolsters
3.0,0,deficiency
3.0,0,ambition
3.0,0,flue
3.0,0,phew
3.0,0,stayers
3.0,0,proplem
3.0,0,ladys
3.0,0,irony
3.0,0,effects
3.0,0,flesh
3.0,0,giraffe
3.0,0,earned
3.0,0,urinal
3.0,0,progressively
3.0,0,sandwhich
3.0,0,couls
3.0,0,unapproachable
3.0,0,fii
3.0,0,standpoint
3.0,0,marching
3.0,0,appology
3.0,0,hardy
3.0,0,forwards
3.0,0,puffing
3.0,0,unfortunetly
3.0,0,rod
3.0,0,deficiencies
3.0,0,scarcely
3.0,0,snowing
3.0,0,documented
3.0,0,recovery
3.0,0,gras
3.0,0,clambering
3.0,0,haggling
3.0,0,bites
3.0,0,vacancies
3.0,0,independently
3.0,0,plumbed
3.0,0,forgotton
3.0,0,childs
3.0,0,raisins
3.0,0,narrowness
3.0,0,althoug
3.0,0,cynical
3.0,0,equates
3.0,0,lenght
3.0,0,retired
3.0,0,tje
3.0,0,mesh
3.0,0,nee
3.0,0,complimentaries
3.0,0,roaring
3.0,0,ergonomically
3.0,0,licensing
3.0,0,atitude
3.0,0,labor
3.0,0,liable
3.0,0,carbonara
3.0,0,loyalty
3.0,0,relating
3.0,0,helpdesk
3.0,0,moor
3.0,0,aims
3.0,0,backpack
3.0,0,aggravating
3.0,0,eiderdown
3.0,0,knifes
3.0,0,matraces
3.0,0,seriousness
3.0,0,tyre
3.0,0,imho
3.0,0,belts
3.0,0,exemple
3.0,0,signaled
3.0,0,basements
3.0,0,interns
3.0,0,quietens
3.0,0,maby
3.0,0,endure
3.0,0,signals
3.0,0,responsible
3.0,0,spiel
3.0,0,accountant
3.0,0,caddy
3.0,0,handbook
3.0,0,ladybirds
3.0,0,toppings
3.0,0,isolate
3.0,0,becuase
3.0,0,prejudice
3.0,0,cubical
3.0,0,cocked
3.0,0,sneezed
3.0,0,strollers
3.0,0,slanting
3.0,0,backpacker
3.0,0,prams
3.0,0,lubby
3.0,0,relay
3.0,0,nvt
3.0,0,strage
3.0,0,forewarning
3.0,0,sticked
3.0,0,bellows
3.0,0,reg
3.0,0,defence
3.0,0,fetched
3.0,0,offline
3.0,0,draped
3.0,0,laborious
3.0,0,leds
3.0,0,tucking
3.0,0,peu
3.0,0,occupation
3.0,0,bees
3.0,0,morining
3.0,0,expression
3.0,0,whipped
3.0,0,tarrif
3.0,0,poles
3.0,0,gays
3.0,0,kinks
3.0,0,clening
3.0,0,microwaves
3.0,0,unluckily
3.0,0,championship
3.0,0,interpretation
3.0,0,witha
3.0,0,soleless
3.0,0,obligatory
3.0,0,bb
3.0,0,sine
3.0,0,yea
3.0,0,deceptively
3.0,0,tine
3.0,0,spirited
3.0,0,finesse
3.0,0,photographed
3.0,0,darken
3.0,0,merit
3.0,0,unchanged
3.0,0,trigger
3.0,0,circuit
3.0,0,celcius
3.0,0,poorer
3.0,0,reluctance
3.0,0,photo
3.0,0,employer
3.0,0,thumb
3.0,0,applications
3.0,0,plaque
3.0,0,unloved
3.0,0,inbetween
3.0,0,methods
3.0,0,dispose
3.0,0,coping
3.0,0,bc
3.0,0,seasonal
3.0,0,tall
3.0,0,backpackers
3.0,0,acknowledgment
3.0,0,aerial
3.0,0,lavabo
3.0,0,noticable
3.0,0,recipient
3.0,0,reads
3.0,0,vety
3.0,0,pension
3.0,0,improving
3.0,0,rollaway
3.0,0,matras
3.0,0,pedal
3.0,0,eurostars
3.0,0,dying
3.0,0,padded
3.0,0,realistically
3.0,0,fares
3.0,0,performed
3.0,0,cud
3.0,0,lodges
3.0,0,linger
3.0,0,lil
3.0,0,satnav
3.0,0,handicap
3.0,0,ordinarily
3.0,0,negligence
3.0,0,explaination
3.0,0,civil
3.0,0,proposition
3.0,0,partitioned
3.0,0,lean
3.0,0,mosquito
3.0,0,pretending
3.0,0,circa
3.0,0,freeway
3.0,0,scrumbled
3.0,0,rendering
3.0,0,fairmont
3.0,0,temper
3.0,0,deadline
3.0,0,commonly
3.0,0,shaved
3.0,0,population
3.0,0,depth
3.0,0,screamed
3.0,0,railings
3.0,0,mm
3.0,0,tariff
3.0,0,marmite
3.0,0,mine
3.0,0,supports
3.0,0,total
3.0,0,door
3.0,0,little
3.0,0,ring
3.0,0,returned
3.0,0,sausage
3.0,0,egg
3.0,0,carrying
3.0,0,serve
3.0,0,mobility
3.0,0,onto
3.0,0,forgot
3.0,0,today
3.0,0,normal
3.0,0,lazy
3.0,0,ie
3.0,0,rating
3.0,0,timing
3.0,0,industrial
3.0,0,expecting
3.0,0,understood
2.9,0,evident
2.9,0,cooled
2.9,0,light
2.9,0,compensate
2.9,0,variation
2.9,0,halls
2.9,0,concern
2.9,0,renewed
2.9,0,amounts
2.9,0,drier
2.9,0,aged
2.9,0,courses
2.9,0,pricing
2.9,0,refilled
2.9,0,impression
2.9,0,arms
2.9,0,dead
2.9,0,file
2.9,0,routine
2.9,0,marmalade
2.9,0,bracket
2.9,0,brick
2.9,0,fries
2.9,0,steal
2.9,0,prior
2.9,0,directed
2.9,0,panels
2.9,0,sidewalk
2.9,0,problem
2.9,0,proofing
2.9,0,concerning
2.9,0,story
2.9,0,mixed
2.9,0,explaining
2.9,0,shades
2.9,0,equivalent
2.9,0,piece
2.9,0,realistic
2.9,0,roon
2.9,0,dryers
2.9,0,groups
2.9,0,haha
2.9,0,surcharge
2.9,0,probably
2.9,0,differently
2.9,0,used
2.9,0,eyes
2.9,0,comming
2.9,0,lap
2.9,0,vice
2.9,0,overcome
2.9,0,napkins
2.9,0,remarks
2.9,0,lip
2.9,0,whether
2.9,0,equal
2.9,0,ha
2.9,0,theres
2.9,0,registration
2.9,0,basically
2.9,0,greater
2.9,0,higher
2.9,0,came
2.9,0,writing
2.9,0,language
2.8,0,smells
2.8,0,twins
2.8,0,sank
2.8,0,prominent
2.8,0,tends
2.8,0,streaky
2.8,0,cough
2.8,0,ranked
2.8,0,tomatoes
2.8,0,trivial
2.8,0,sensitive
2.8,0,state
2.8,0,decide
2.8,0,newer
2.8,0,tomorrow
2.8,0,cheeky
2.8,0,pile
2.8,0,jam
2.8,0,thursday
2.8,0,boiled
2.8,0,morning
2.8,0,audio
2.8,0,handbag
2.8,0,mobiles
2.8,0,breakdown
2.8,0,incentive
2.8,0,tipped
2.8,0,wooden
2.8,0,already
2.8,0,referred
2.8,0,universal
2.8,0,seek
2.8,0,anything
2.8,0,additional
2.8,0,senior
2.8,0,honours
2.8,0,floors
2.8,0,woodwork
2.8,0,safety
2.8,0,expected
2.8,0,lights
2.8,0,sunday
2.8,0,pathway
2.8,0,jail
2.8,0,completly
2.8,0,wandered
2.8,0,continuing
2.8,0,mony
2.8,0,spaghetti
2.8,0,twisted
2.8,0,enable
2.8,0,burden
2.8,0,string
2.8,0,muggy
2.8,0,simultaneously
2.8,0,online
2.8,0,discovered
2.8,0,till
2.8,0,externally
2.8,0,results
2.8,0,feed
2.8,0,recognize
2.8,0,lightening
2.8,0,differences
2.8,0,october
2.8,0,anymore
2.8,0,aside
2.8,0,worker
2.8,0,requested
2.8,0,irons
2.8,0,optional
2.8,0,master
2.8,0,landing
2.8,0,thru
2.7,0,toothbrush
2.7,0,adding
2.7,0,suitable
2.7,0,remain
2.7,0,lost
2.7,0,packed
2.7,0,slightest
2.7,0,lotion
2.7,0,lol
2.7,0,chairs
2.7,0,hoped
2.7,0,old
2.7,0,speeds
2.7,0,logged
2.7,0,lining
2.7,0,fetch
2.7,0,spicy
2.7,0,foreigners
2.7,0,emailing
2.7,0,student
2.7,0,info
2.7,0,leaving
2.7,0,soup
2.7,0,mind
2.7,0,replenished
2.7,0,past
2.7,0,kettle
2.7,0,booked
2.7,0,connector
2.7,0,divider
2.7,0,toasting
2.7,0,crockery
2.7,0,dramatic
2.7,0,abusive
2.7,0,percentage
2.7,0,hh
2.7,0,suspended
2.7,0,waterproof
2.7,0,creme
2.7,0,aids
2.7,0,interfere
2.7,0,possessions
2.7,0,adress
2.7,0,nathing
2.7,0,bouncers
2.7,0,hauling
2.7,0,fed
2.7,0,fraudulent
2.7,0,reviewer
2.7,0,circumstance
2.7,0,franchise
2.7,0,regulating
2.7,0,incidentally
2.7,0,occured
2.7,0,shell
2.7,0,upwards
2.7,0,certificate
2.7,0,fore
2.7,0,bedclothes
2.7,0,sugary
2.7,0,gotta
2.7,0,contacts
2.7,0,mentality
2.7,0,disrupt
2.7,0,maintance
2.7,0,spoiled
2.7,0,curly
2.7,0,skylight
2.7,0,tragic
2.7,0,cucumbers
2.7,0,ugh
2.7,0,pers
2.7,0,oldfashioned
2.7,0,coldness
2.7,0,sessions
2.7,0,division
2.7,0,elected
2.7,0,threat
2.7,0,nightclubs
2.7,0,matching
2.7,0,final
2.7,0,usage
2.7,0,refrigerator
2.7,0,four
2.7,0,highlighted
2.7,0,keeper
2.7,0,somewhere
2.7,0,specific
2.7,0,better
2.7,0,staffed
2.7,0,increasing
2.7,0,walkways
2.7,0,bussiness
2.7,0,jacket
2.7,0,gather
2.7,0,correspondence
2.7,0,fancied
2.7,0,si
2.7,0,thats
2.7,0,accident
2.7,0,remedy
2.7,0,marriot
2.7,0,divided
2.7,0,ot
2.7,0,reacted
2.7,0,deliver
2.7,0,difficulties
2.7,0,completed
2.7,0,stuffed
2.7,0,ones
2.7,0,items
2.7,0,collected
2.7,0,party
2.7,0,pointing
2.7,0,staircases
2.7,0,thinking
2.7,0,adapted
2.7,0,booth
2.7,0,finished
2.6,0,match
2.6,0,attendant
2.6,0,installation
2.6,0,disapointed
2.6,0,touched
2.6,0,weekday
2.6,0,housing
2.6,0,dawn
2.6,0,keep
2.6,0,resolved
2.6,0,escape
2.6,0,delayed
2.6,0,encourage
2.6,0,smoother
2.6,0,doable
2.6,0,altough
2.6,0,forniture
2.6,0,bathroon
2.6,0,fond
2.6,0,carries
2.6,0,intimidated
2.6,0,lite
2.6,0,curved
2.6,0,arabs
2.6,0,concentrate
2.6,0,fawlty
2.6,0,settled
2.6,0,outer
2.6,0,seperate
2.6,0,consideration
2.6,0,elderly
2.6,0,six
2.6,0,eg
2.6,0,hour
2.6,0,kitchens
2.6,0,attract
2.6,0,expects
2.6,0,suffering
2.6,0,wings
2.6,0,belonging
2.6,0,menu
2.6,0,lunchtime
2.6,0,tuesday
2.6,0,strength
2.6,0,fashioned
2.6,0,manage
2.6,0,kept
2.6,0,cases
2.6,0,times
2.6,0,instance
2.6,0,rained
2.6,0,veggies
2.6,0,dimmed
2.6,0,parent
2.6,0,excercise
2.6,0,forty
2.6,0,vanilla
2.6,0,coudn
2.6,0,estimate
2.6,0,lockable
2.6,0,thermostatic
2.6,0,peaches
2.6,0,dreaded
2.6,0,screened
2.6,0,thump
2.6,0,inpatient
2.6,0,prefers
2.6,0,bible
2.6,0,westerns
2.6,0,stg
2.6,0,reataurant
2.6,0,rioja
2.6,0,rebuilding
2.6,0,commodore
2.6,0,headboards
2.6,0,availabe
2.6,0,executives
2.6,0,bellow
2.6,0,transfered
2.6,0,mu
2.6,0,acquired
2.6,0,busted
2.6,0,recycled
2.6,0,facetime
2.6,0,eliminated
2.6,0,shutdown
2.6,0,negligible
2.6,0,selfies
2.6,0,dosnt
2.6,0,gaudy
2.6,0,drives
2.6,0,scissors
2.6,0,sting
2.6,0,scrambling
2.6,0,biased
2.6,0,escaped
2.6,0,dnt
2.6,0,violated
2.6,0,vaguely
2.6,0,oz
2.6,0,coudnt
2.6,0,establish
2.6,0,availble
2.6,0,substantially
2.6,0,grades
2.6,0,spat
2.6,0,liners
2.6,0,slides
2.6,0,hoist
2.6,0,pest
2.6,0,maintence
2.6,0,rotating
2.6,0,viewable
2.6,0,coordinate
2.6,0,sticker
2.6,0,rad
2.6,0,kitschy
2.6,0,puffed
2.6,0,patterned
2.6,0,checkouts
2.6,0,hairdyer
2.6,0,blah
2.6,0,criticize
2.6,0,employers
2.6,0,cubby
2.6,0,addict
2.6,0,radissons
2.6,0,mor
2.6,0,rv
2.6,0,tiger
2.6,0,hammers
2.6,0,rewards
2.6,0,incurring
2.6,0,forgets
2.6,0,receives
2.6,0,veeeery
2.6,0,researching
2.6,0,critisism
2.6,0,sandwiched
2.6,0,stander
2.6,0,conformation
2.6,0,intruder
2.6,0,feminine
2.6,0,sandpaper
2.6,0,wass
2.6,0,refrigeration
2.6,0,readers
2.6,0,managements
2.6,0,vacating
2.6,0,sigarette
2.6,0,muddle
2.6,0,glossy
2.6,0,becareful
2.6,0,shortcoming
2.6,0,assessment
2.6,0,whist
2.6,0,hmmmm
2.6,0,association
2.6,0,adopt
2.6,0,replies
2.6,0,sentences
2.6,0,directors
2.6,0,foolish
2.6,0,withe
2.6,0,heaving
2.6,0,melting
2.6,0,revived
2.6,0,turnover
2.6,0,decaffinated
2.6,0,carried
2.6,0,bathrobe
2.6,0,stroller
2.6,0,disability
2.6,0,people
2.6,0,stretch
2.6,0,program
2.6,0,pasta
2.6,0,buttons
2.6,0,bowl
2.6,0,codes
2.6,0,scheduled
2.6,0,kick
2.6,0,furthermore
2.6,0,let
2.6,0,channels
2.6,0,communicate
2.6,0,word
2.6,0,messages
2.6,0,diy
2.6,0,yesterday
2.6,0,build
2.6,0,begin
2.6,0,interruption
2.6,0,swapped
2.6,0,aching
2.6,0,convey
2.6,0,sprays
2.6,0,compensates
2.6,0,toilettries
2.6,0,become
2.6,0,bw
2.6,0,shoot
2.6,0,collections
2.6,0,photograph
2.6,0,coca
2.6,0,crowed
2.6,0,crackers
2.6,0,cooperate
2.6,0,hesitant
2.6,0,frying
2.6,0,mission
2.6,0,relying
2.6,0,subdued
2.6,0,treadmills
2.6,0,hits
2.6,0,similar
2.6,0,actually
2.6,0,comments
2.6,0,act
2.5,0,saw
2.5,0,nowadays
2.5,0,resolve
2.5,0,searching
2.5,0,longer
2.5,0,discount
2.5,0,systems
2.5,0,facts
2.5,0,salami
2.5,0,fired
2.5,0,curious
2.5,0,makers
2.5,0,invisible
2.5,0,decaff
2.5,0,toppers
2.5,0,identified
2.5,0,allot
2.5,0,keyboard
2.5,0,stacked
2.5,0,rains
2.5,0,timed
2.5,0,inadvertently
2.5,0,upgrading
2.5,0,ups
2.5,0,counter
2.5,0,actual
2.5,0,heads
2.5,0,control
2.5,0,heights
2.5,0,pit
2.5,0,receiving
2.5,0,wing
2.5,0,reason
2.5,0,acted
2.5,0,scrambled
2.5,0,following
2.5,0,beneficial
2.5,0,fri
2.5,0,cart
2.5,0,canceled
2.5,0,showed
2.5,0,drivers
2.5,0,favor
2.5,0,operation
2.5,0,carpeted
2.5,0,letting
2.5,0,automatic
2.5,0,sandwich
2.5,0,membership
2.5,0,nervous
2.5,0,contact
2.5,0,communicated
2.5,0,weeks
2.5,0,drinking
2.5,0,salad
2.5,0,benefit
2.5,0,arrive
2.5,0,furnitures
2.5,0,glass
2.5,0,sufficiently
2.5,0,taking
2.5,0,ins
2.5,0,curtains
2.5,0,sooner
2.5,0,pic
2.5,0,problems
2.5,0,behaved
2.5,0,recognise
2.5,0,vary
2.5,0,inn
2.5,0,viewed
2.5,0,download
2.5,0,join
2.5,0,starting
2.5,0,wood
2.5,0,needing
2.5,0,stood
2.5,0,men
2.5,0,firstly
2.5,0,fool
2.5,0,retain
2.5,0,shines
2.5,0,example
2.5,0,give
2.5,0,decorating
2.5,0,originally
2.5,0,involved
2.5,0,ratings
2.5,0,extreme
2.5,0,wealthy
2.5,0,amused
2.5,0,dimmer
2.5,0,europeans
2.5,0,spreads
2.5,0,climbed
2.5,0,spouse
2.5,0,ageing
2.5,0,bone
2.5,0,chicken
2.5,0,described
2.5,0,ago
2.5,0,snug
2.5,0,asap
2.5,0,trolley
2.5,0,emailed
2.4,0,else
2.4,0,stressful
2.4,0,apart
2.4,0,nearer
2.4,0,desks
2.4,0,clerk
2.4,0,honest
2.4,0,dressing
2.4,0,settee
2.4,0,metre
2.4,0,black
2.4,0,process
2.4,0,waiter
2.4,0,box
2.4,0,needs
2.4,0,regardless
2.4,0,sofa
2.4,0,concerned
2.4,0,soundproofing
2.4,0,night
2.4,0,loop
2.4,0,hunting
2.4,0,stray
2.4,0,gun
2.4,0,sickness
2.4,0,drench
2.4,0,agents
2.4,0,hooked
2.4,0,consist
2.4,0,unfortunatly
2.4,0,wrist
2.4,0,stipulated
2.4,0,incense
2.4,0,integrity
2.4,0,utilitarian
2.4,0,restore
2.4,0,rep
2.4,0,ally
2.4,0,prides
2.4,0,leeds
2.4,0,silicon
2.4,0,whichever
2.4,0,admission
2.4,0,hygenic
2.4,0,wold
2.4,0,capability
2.4,0,presenting
2.4,0,smill
2.4,0,dipping
2.4,0,blinded
2.4,0,swimmers
2.4,0,printout
2.4,0,inconvience
2.4,0,forwarded
2.4,0,magically
2.4,0,prom
2.4,0,memeber
2.4,0,lenses
2.4,0,pumped
2.4,0,conducted
2.4,0,appart
2.4,0,coated
2.4,0,puffy
2.4,0,aches
2.4,0,prawn
2.4,0,classification
2.4,0,temprature
2.4,0,finger
2.4,0,brake
2.4,0,mandarin
2.4,0,goose
2.4,0,unconventional
2.4,0,noices
2.4,0,morn
2.4,0,sin
2.4,0,naughty
2.4,0,sparking
2.4,0,managerial
2.4,0,nip
2.4,0,inventory
2.4,0,necklace
2.4,0,ni
2.4,0,type
2.4,0,semi
2.4,0,arrangement
2.4,0,meat
2.4,0,rates
2.4,0,corn
2.4,0,noisier
2.4,0,sympathy
2.4,0,notes
2.4,0,delux
2.4,0,say
2.4,0,infact
2.4,0,basics
2.4,0,joining
2.4,0,bumped
2.4,0,vehicle
2.4,0,point
2.4,0,months
2.4,0,deserve
2.4,0,friday
2.4,0,sit
2.4,0,feather
2.4,0,depends
2.4,0,capsule
2.4,0,hike
2.4,0,lightning
2.4,0,solve
2.4,0,besides
2.4,0,hilton
2.4,0,allergy
2.4,0,gotten
2.4,0,checking
2.4,0,noticing
2.4,0,downsides
2.4,0,beige
2.4,0,compliant
2.4,0,ir
2.4,0,baggages
2.4,0,regretted
2.4,0,drama
2.4,0,scarf
2.4,0,purchases
2.4,0,sick
2.4,0,dollars
2.4,0,opted
2.4,0,sausages
2.4,0,leads
2.4,0,females
2.4,0,global
2.4,0,survey
2.4,0,insane
2.4,0,flops
2.4,0,traffic
2.4,0,keeping
2.4,0,moreover
2.4,0,search
2.4,0,related
2.4,0,storey
2.4,0,hrs
2.4,0,handling
2.4,0,pint
2.4,0,organization
2.4,0,proper
2.4,0,portable
2.4,0,adult
2.3,0,please
2.3,0,partial
2.3,0,sleep
2.3,0,soundproof
2.3,0,considered
2.3,0,coming
2.3,0,using
2.3,0,waitress
2.3,0,hiwever
2.3,0,responsibilities
2.3,0,souterrain
2.3,0,texted
2.3,0,chemo
2.3,0,continential
2.3,0,drilled
2.3,0,miner
2.3,0,skate
2.3,0,receptacles
2.3,0,reductions
2.3,0,qualms
2.3,0,oom
2.3,0,changeover
2.3,0,watched
2.3,0,appease
2.3,0,slimy
2.3,0,gizmo
2.3,0,rinsing
2.3,0,avaliable
2.3,0,forgave
2.3,0,youngsters
2.3,0,hahahaha
2.3,0,modifications
2.3,0,flors
2.3,0,wok
2.3,0,replaces
2.3,0,williams
2.3,0,discounting
2.3,0,scammers
2.3,0,excludes
2.3,0,aproblem
2.3,0,liter
2.3,0,kristina
2.3,0,categorically
2.3,0,wiv
2.3,0,stem
2.3,0,seraphine
2.3,0,aust
2.3,0,electro
2.3,0,notjing
2.3,0,misguided
2.3,0,parmesan
2.3,0,dubbed
2.3,0,cellars
2.3,0,uppermost
2.3,0,counting
2.3,0,fanns
2.3,0,narrowed
2.3,0,rations
2.3,0,seeded
2.3,0,composed
2.3,0,swimmer
2.3,0,interlocking
2.3,0,mindset
2.3,0,colazione
2.3,0,puddings
2.3,0,acctually
2.3,0,alleviated
2.3,0,wobbled
2.3,0,enquirer
2.3,0,bunkbeds
2.3,0,pice
2.3,0,speakerphone
2.3,0,wraps
2.3,0,creep
2.3,0,fade
2.3,0,aroud
2.3,0,itwas
2.3,0,kingside
2.3,0,marsh
2.3,0,engineered
2.3,0,predicted
2.3,0,marker
2.3,0,cheapish
2.3,0,eould
2.3,0,yu
2.3,0,debatable
2.3,0,mending
2.3,0,sweats
2.3,0,progressed
2.3,0,condensed
2.3,0,aircons
2.3,0,tomb
2.3,0,flagship
2.3,0,lense
2.3,0,bargained
2.3,0,jerry
2.3,0,detrimental
2.3,0,gals
2.3,0,reliance
2.3,0,incline
2.3,0,tey
2.3,0,nogal
2.3,0,ihad
2.3,0,ether
2.3,0,clog
2.3,0,knit
2.3,0,averse
2.3,0,yous
2.3,0,signatures
2.3,0,snuggle
2.3,0,sweater
2.3,0,smartened
2.3,0,ironboard
2.3,0,tether
2.3,0,persistence
2.3,0,dirthy
2.3,0,hashbrown
2.3,0,pause
2.3,0,ambasciatori
2.3,0,scaled
2.3,0,warmish
2.3,0,visitng
2.3,0,reacting
2.3,0,floored
2.3,0,cabbies
2.3,0,hotells
2.3,0,bp
2.3,0,pijama
2.3,0,actuall
2.3,0,digit
2.3,0,cabbie
2.3,0,sideway
2.3,0,wight
2.3,0,usability
2.3,0,snuggling
2.3,0,veel
2.3,0,hep
2.3,0,nulla
2.3,0,duve
2.3,0,unecessary
2.3,0,cloakroom
2.3,0,succession
2.3,0,serive
2.3,0,arrondissment
2.3,0,guestrooms
2.3,0,intrude
2.3,0,sleazy
2.3,0,aha
2.3,0,bunks
2.3,0,clash
2.3,0,corresponds
2.3,0,tripled
2.3,0,inescapable
2.3,0,accountability
2.3,0,focal
2.3,0,belittling
2.3,0,guideline
2.3,0,adopter
2.3,0,carbet
2.3,0,drum
2.3,0,legislation
2.3,0,tol
2.3,0,tve
2.3,0,confines
2.3,0,glanced
2.3,0,tels
2.3,0,pdf
2.3,0,cal
2.3,0,chambres
2.3,0,prearranged
2.3,0,neede
2.3,0,undress
2.3,0,interval
2.3,0,revelry
2.3,0,wify
2.3,0,overdesigned
2.3,0,crazily
2.3,0,juggling
2.3,0,servicable
2.3,0,toillets
2.3,0,condation
2.3,0,snobs
2.3,0,growth
2.3,0,banyan
2.3,0,unusal
2.3,0,durring
2.3,0,hampered
2.3,0,slighly
2.3,0,refolded
2.3,0,whet
2.3,0,weer
2.3,0,frith
2.3,0,asylum
2.3,0,schedule
2.3,0,creeked
2.3,0,floated
2.3,0,bamboo
2.3,0,inital
2.3,0,foie
2.3,0,whine
2.3,0,sheraton
2.3,0,standers
2.3,0,dictionary
2.3,0,engagements
2.3,0,abused
2.3,0,tipsy
2.3,0,diluted
2.3,0,hue
2.3,0,caffeinated
2.3,0,averaged
2.3,0,bilderberg
2.3,0,coworkers
2.3,0,oldie
2.3,0,putside
2.3,0,detour
2.3,0,aerea
2.3,0,squashy
2.3,0,soaring
2.3,0,residency
2.3,0,hilariously
2.3,0,whatsapp
2.3,0,messenger
2.3,0,balances
2.3,0,screwdriver
2.3,0,momentarily
2.3,0,ea
2.3,0,trunks
2.3,0,mtv
2.3,0,glowing
2.3,0,geneva
2.3,0,hm
2.3,0,buget
2.3,0,offputting
2.3,0,shudder
2.3,0,antoinette
2.3,0,brrrr
2.3,0,subscribed
2.3,0,faffing
2.3,0,herbs
2.3,0,gaurd
2.3,0,antiseptic
2.3,0,skylights
2.3,0,laguage
2.3,0,croatia
2.3,0,hogarth
2.3,0,enterd
2.3,0,wete
2.3,0,taverna
2.3,0,malbec
2.3,0,thougt
2.3,0,hammered
2.3,0,sparks
2.3,0,intolerances
2.3,0,stupidity
2.3,0,paragraph
2.3,0,marmelade
2.3,0,caved
2.3,0,puke
2.3,0,eighties
2.3,0,brightest
2.3,0,proportionate
2.3,0,colourless
2.3,0,sl
2.3,0,conditionner
2.3,0,misery
2.3,0,transmit
2.3,0,tagliatelle
2.3,0,darjeeling
2.3,0,encourages
2.3,0,contrived
2.3,0,handel
2.3,0,givin
2.3,0,instruments
2.3,0,swimwear
2.3,0,backdoor
2.3,0,exits
2.3,0,canceling
2.3,0,broker
2.3,0,veronika
2.3,0,pry
2.3,0,kipper
2.3,0,intensity
2.3,0,attracting
2.3,0,prepayed
2.3,0,nternet
2.3,0,aircondtion
2.3,0,ripe
2.3,0,defining
2.3,0,publicised
2.3,0,dispointed
2.3,0,usally
2.3,0,berties
2.3,0,mote
2.3,0,suasages
2.3,0,irritatingly
2.3,0,squatting
2.3,0,pallets
2.3,0,secretly
2.3,0,stanza
2.3,0,answere
2.3,0,sic
2.3,0,territory
2.3,0,consulted
2.3,0,hush
2.3,0,grin
2.3,0,tabacco
2.3,0,puds
2.3,0,grit
2.3,0,tractor
2.3,0,parody
2.3,0,astro
2.3,0,focussing
2.3,0,vodkas
2.3,0,minicab
2.3,0,relies
2.3,0,industry
2.3,0,entance
2.3,0,landscaping
2.3,0,minimally
2.3,0,shwer
2.3,0,deciding
2.3,0,meaningful
2.3,0,trafic
2.3,0,scurrying
2.3,0,stretches
2.3,0,sweeping
2.3,0,pensioner
2.3,0,photocopied
2.3,0,stomped
2.3,0,achievable
2.3,0,lollipop
2.3,0,soso
2.3,0,appearing
2.3,0,skinned
2.3,0,arse
2.3,0,finances
2.3,0,eller
2.3,0,slimey
2.3,0,fastfood
2.3,0,perplexed
2.3,0,underware
2.3,0,bids
2.3,0,roomcards
2.3,0,freed
2.3,0,forewarned
2.3,0,chintzy
2.3,0,database
2.3,0,stretcher
2.3,0,dismissing
2.3,0,streat
2.3,0,wary
2.3,0,cheekily
2.3,0,misheard
2.3,0,waiver
2.3,0,whetherspoons
2.3,0,conjested
2.3,0,shares
2.3,0,weakest
2.3,0,sigle
2.3,0,neded
2.3,0,collectors
2.3,0,houre
2.3,0,guiness
2.3,0,starchy
2.3,0,conventions
2.3,0,knickerbocker
2.3,0,fairs
2.3,0,washbags
2.3,0,amoung
2.3,0,wintertime
2.3,0,noy
2.3,0,iit
2.3,0,oscillating
2.3,0,strings
2.3,0,temperture
2.3,0,hatch
2.3,0,sg
2.3,0,speedos
2.3,0,episode
2.3,0,posible
2.3,0,avocado
2.3,0,nightmares
2.3,0,cease
2.3,0,omellete
2.3,0,mercedes
2.3,0,affecting
2.3,0,horrors
2.3,0,contenental
2.3,0,constraction
2.3,0,moove
2.3,0,desirable
2.3,0,enogh
2.3,0,patron
2.3,0,supplemented
2.3,0,merge
2.3,0,sixteen
2.3,0,presser
2.3,0,vigorous
2.3,0,ravioli
2.3,0,norms
2.3,0,laundering
2.3,0,pointers
2.3,0,smalls
2.3,0,hoops
2.3,0,intensive
2.3,0,shrivelled
2.3,0,timescale
2.3,0,cdn
2.3,0,definitive
2.3,0,earning
2.3,0,nothibg
2.3,0,twas
2.3,0,footing
2.3,0,excl
2.3,0,carer
2.3,0,vodafone
2.3,0,sword
2.3,0,stirling
2.3,0,superiour
2.3,0,deer
2.3,0,derty
2.3,0,draperies
2.3,0,stability
2.3,0,fom
2.3,0,clastrophobic
2.3,0,propping
2.3,0,almonds
2.3,0,brackets
2.3,0,mangement
2.3,0,evaluated
2.3,0,aroom
2.3,0,margarine
2.3,0,brulee
2.3,0,distributing
2.3,0,inget
2.3,0,exteremly
2.3,0,bagno
2.3,0,counteract
2.3,0,ov
2.3,0,maximun
2.3,0,assumes
2.3,0,couse
2.3,0,bats
2.3,0,punishment
2.3,0,rougher
2.3,0,fringes
2.3,0,equate
2.3,0,ugliest
2.3,0,morale
2.3,0,servery
2.3,0,powdery
2.3,0,uploaded
2.3,0,peaks
2.3,0,fitnessroom
2.3,0,corporation
2.3,0,dusk
2.3,0,bullied
2.3,0,publish
2.3,0,pushy
2.3,0,escorts
2.3,0,hygene
2.3,0,nothig
2.3,0,fifties
2.3,0,calendar
2.3,0,livid
2.3,0,nicked
2.3,0,outweigh
2.3,0,activites
2.3,0,prioritising
2.3,0,lateral
2.3,0,herby
2.3,0,ego
2.3,0,waster
2.3,0,highchairs
2.3,0,recollection
2.3,0,laguages
2.3,0,cruelty
2.3,0,peer
2.3,0,ids
2.3,0,discouraging
2.3,0,straddle
2.3,0,assigning
2.3,0,evey
2.3,0,viz
2.3,0,googlemaps
2.3,0,wt
2.3,0,reconditioning
2.3,0,setback
2.3,0,incorporate
2.3,0,amaretto
2.3,0,unavoidably
2.3,0,unfresh
2.3,0,moe
2.3,0,wiggle
2.3,0,refectory
2.3,0,alloted
2.3,0,attractiveness
2.3,0,plumping
2.3,0,wuth
2.3,0,sighing
2.3,0,thicknesses
2.3,0,fealt
2.3,0,mislaid
2.3,0,floppy
2.3,0,aspiring
2.3,0,wardrope
2.3,0,waned
2.3,0,baseball
2.3,0,waz
2.3,0,includ
2.3,0,renewals
2.3,0,sandals
2.3,0,weston
2.3,0,vocal
2.3,0,decafe
2.3,0,inconvienient
2.3,0,occations
2.3,0,theyre
2.3,0,fumbling
2.3,0,ipa
2.3,0,overload
2.3,0,disrespected
2.3,0,buffalo
2.3,0,broadcast
2.3,0,lawyer
2.3,0,egypt
2.3,0,nonstop
2.3,0,formule
2.3,0,sercive
2.3,0,arises
2.3,0,fancier
2.3,0,gentrified
2.3,0,gaffa
2.3,0,treck
2.3,0,beating
2.3,0,basicaly
2.3,0,abnormal
2.3,0,carnt
2.3,0,hydropool
2.3,0,quorn
2.3,0,concidering
2.3,0,unknowingly
2.3,0,showen
2.3,0,croudy
2.3,0,echoing
2.3,0,throats
2.3,0,rehab
2.3,0,forth
2.3,0,bedbug
2.3,0,builds
2.3,0,sensed
2.3,0,reserve
2.3,0,given
2.3,0,health
2.3,0,experiences
2.3,0,found
2.3,0,portions
2.3,0,condition
2.3,0,third
2.3,0,trap
2.3,0,internet
2.3,0,backyard
2.3,0,resolving
2.3,0,bird
2.3,0,drapes
2.3,0,iphone
2.3,0,bet
2.3,0,two
2.3,0,pains
2.3,0,versus
2.3,0,estate
2.3,0,maids
2.3,0,one
2.3,0,woman
2.3,0,water
2.3,0,floor
2.3,0,realising
2.3,0,planet
2.3,0,goodwill
2.3,0,piped
2.3,0,jeans
2.3,0,enterance
2.3,0,summary
2.3,0,intuitive
2.3,0,liquor
2.3,0,limits
2.3,0,preparing
2.3,0,leather
2.3,0,lastly
2.3,0,reputation
2.3,0,instant
2.3,0,ground
2.3,0,pack
2.3,0,manners
2.3,0,flavour
2.3,0,sighted
2.3,0,sleepy
2.3,0,bain
2.3,0,nothings
2.3,0,await
2.3,0,fox
2.3,0,ranking
2.3,0,elevated
2.3,0,servings
2.3,0,hairdrier
2.3,0,aloud
2.3,0,peppermint
2.3,0,kong
2.3,0,promising
2.3,0,tooo
2.3,0,moaning
2.3,0,converters
2.3,0,often
2.3,0,guest
2.3,0,bookings
2.3,0,passport
2.3,0,menus
2.3,0,cant
2.3,0,left
2.3,0,badge
2.3,0,project
2.3,0,onion
2.3,0,keepers
2.3,0,accurately
2.3,0,thanked
2.3,0,conection
2.3,0,bye
2.3,0,provide
2.3,0,spilt
2.3,0,option
2.3,0,jets
2.3,0,likely
2.3,0,massively
2.3,0,works
2.3,0,norm
2.3,0,acknowledged
2.3,0,supply
2.3,0,information
2.2,0,noted
2.2,0,filled
2.2,0,allergies
2.2,0,comes
2.2,0,staircase
2.2,0,drawn
2.2,0,trainee
2.2,0,thirsty
2.2,0,gower
2.2,0,normally
2.2,0,fellow
2.2,0,pocket
2.2,0,locker
2.2,0,three
2.2,0,sandwiches
2.2,0,ditto
2.2,0,wheat
2.2,0,chore
2.2,0,entry
2.2,0,thousands
2.2,0,administration
2.2,0,agent
2.2,0,televisions
2.2,0,tide
2.2,0,translation
2.2,0,yhe
2.2,0,postcode
2.2,0,passwords
2.2,0,gets
2.2,0,veg
2.2,0,representative
2.2,0,latter
2.2,0,laundry
2.2,0,miss
2.2,0,tonic
2.2,0,dryer
2.2,0,basis
2.2,0,sent
2.2,0,magnifying
2.2,0,shaped
2.2,0,restocked
2.2,0,fact
2.2,0,child
2.2,0,knows
2.2,0,breaks
2.2,0,regarding
2.2,0,learned
2.2,0,rushing
2.2,0,bbc
2.2,0,afford
2.2,0,dish
2.2,0,video
2.2,0,nigth
2.2,0,shadows
2.2,0,boasting
2.2,0,behaviours
2.2,0,sailing
2.2,0,gpb
2.2,0,cock
2.2,0,concerge
2.2,0,achievement
2.2,0,muzak
2.2,0,curfew
2.2,0,cancelation
2.2,0,kat
2.2,0,puzzling
2.2,0,unloaded
2.2,0,salubrious
2.2,0,offs
2.2,0,turf
2.2,0,complet
2.2,0,cuddle
2.2,0,somone
2.2,0,tenants
2.2,0,chang
2.2,0,wre
2.2,0,decieving
2.2,0,nickel
2.2,0,macdonalds
2.2,0,vallet
2.2,0,wording
2.2,0,encouragement
2.2,0,tidying
2.2,0,adopted
2.2,0,resterant
2.2,0,palatable
2.2,0,straightening
2.2,0,restauant
2.2,0,painters
2.2,0,flowery
2.2,0,tunnels
2.2,0,crawled
2.2,0,banquet
2.2,0,barmaid
2.2,0,emotion
2.2,0,mugged
2.2,0,otherside
2.2,0,stumbling
2.2,0,littile
2.2,0,negotiations
2.2,0,sixties
2.2,0,squeaks
2.2,0,cues
2.2,0,mutch
2.2,0,aniversary
2.2,0,rebuilt
2.2,0,spends
2.2,0,sunbeds
2.2,0,drug
2.2,0,exchanges
